订单号,产品类别,产品名称,销售数量,单价,客户所在城市,支付方式,订单日期
2782973956,家居用品,枕头,3,118,广州,银行卡,2025-06-14
3862337541,图书,漫画,2,290,福州,微信支付,2025-06-02
9826076680,食品,牛奶,5,-78,福州,微信支付,2025-06-28
5949577226,电子产品,蓝牙耳机,9,297,杭州,银行卡,2025/06/07
9708761103,图书,小说,9,153,合肥,支付宝,2025-06-14
3577253908,服装,T恤,8,290,合肥,银行卡,2025-06-26
9826076680,电子产品,蓝牙耳机,1,82,NaN,支付宝,2025-06-07
3971653655,家居用品,枕头,10,319,成都,微信支付,2025-06-27
2331463704,食品,牛奶,1,376,北京,支付宝,2025-06-06
5027895059,电子产品,蓝牙耳机,5,151,福州,支付宝,2025-06-18
1113729050,家居用品,台灯,1,243,武汉,现金,2025-06-27
8252921620,食品,牛奶,3,131,合肥,微信支付,2025-06-25
1658050590,食品,巧克力,3,345,郑州,支付宝,2025-06-05
6993352739,食品,牛奶,6,171,天津,现金,2025-06-16
1232889892,食品,海苔,6,278,北京,现金,2025-06-01
5158180901,家居用品,枕头,10,221,北京,现金,2025-06-29
9594499109,图书,绘本,4,70,北京,支付宝,2025-06-25
1728290855,服装,T恤,9,219,深圳,支付宝,2025-06-23
1680832549,家居用品,枕头,3,273,福州,微信支付,2025-06-06
3361533993,图书,小说,2,190,上海,银行卡,2025-06-16
6494494762,食品,巧克力,9,297,合肥,银行卡,2025-06-17
5622757418,食品,巧克力,5,29,上海,微信支付,2025-06-15
8610674732,服装,牛仔裤,4,198,合肥,银行卡,2025-06-26
4562470957,电子产品,智能音箱,9,196,昆明,现金,2025-06-29
1073727529,食品,牛奶,4,336,深圳,银行卡,2025-06-05
1459904559,食品,海苔,6,4,天津,支付宝,2025-06-06
3089692719,食品,海苔,10,78,深圳,支付宝,2025-06-13
9753901098,图书,杂志,6,261,北京,微信支付,2025-06-16
2316533803,食品,巧克力,7,33,合肥,现金,2025-06-16
2923659315,家居用品,保温杯,4,353,广州,支付宝,2025-06-12
2822744120,电子产品,蓝牙耳机,7,278,杭州,微信支付,2025-06-18
2531889210,食品,饼干,8,261,郑州,银行卡,2025-06-07
1150619707,电子产品,蓝牙耳机,9,294,上海,微信支付,2025-06-21
3630006330,电子产品,智能音箱,6,82,南京,现金,2025-06-03
5358247998,家居用品,枕头,7,261,福州,支付宝,2025-06-21
7987142724,服装,T恤,7,275,杭州,现金,2025-06-18
4634366020,食品,海苔,3,120,南京,微信支付,2025-06-19
7061682246,图书,绘本,2,195,青岛,现金,2025-06-27
1923207240,服装,T恤,8,68,杭州,现金,2025-06-20
9334861902,食品,牛奶,7,304,福州,现金,2025-06-29
7028361297,电子产品,电动牙刷,9,89,深圳,支付宝,2025-06-30
6173368401,食品,饼干,6,168,南京,现金,2025-06-17
8514777169,服装,牛仔裤,5,141,北京,现金,2025-06-11
5913954389,食品,牛奶,8,123,武汉,银行卡,2025-06-04
3839058007,食品,牛奶,6,187,福州,现金,2025-06-30
3895210075,服装,外套,1,222,重庆,现金,2025-06-28
2345793627,电子产品,蓝牙耳机,7,4,深圳,银行卡,2025-06-29
8648472679,图书,杂志,3,234,青岛,银行卡,2025-06-14
1747509352,图书,绘本,5,151,重庆,现金,2025-06-29
6290999402,家居用品,保温杯,3,41,杭州,现金,2025-06-14
3768100970,食品,坚果,3,53,重庆,现金,2025-06-11
4625031278,食品,牛奶,5,304,昆明,现金,2025-06-15
1507651696,食品,坚果,4,387,深圳,微信支付,2025-06-23
4479750257,图书,教材,5,361,天津,现金,2025-06-22
7273709680,服装,帽子,7,213,上海,支付宝,2025-06-14
6122555505,食品,牛奶,8,79,青岛,银行卡,2025-06-03
9231065205,食品,海苔,4,314,深圳,银行卡,2025-06-18
3338082421,家居用品,台灯,4,250,武汉,银行卡,2025-06-04
2318577784,图书,杂志,7,328,上海,微信支付,2025-06-28
5477453946,食品,海苔,1,324,青岛,支付宝,2025-06-12
4406685819,食品,饼干,1,200,成都,银行卡,2025-06-27
3953002634,电子产品,鼠标,9,66,天津,现金,2025-06-12
8529000587,服装,帽子,6,125,合肥,支付宝,2025-06-12
4976679050,食品,牛奶,5,64,成都,支付宝,2025-06-20
9908224144,食品,巧克力,10,49,杭州,银行卡,2025-06-18
5373317269,家居用品,枕头,10,288,北京,银行卡,2025-06-21
1879535766,电子产品,鼠标,3,21,南京,微信支付,2025-06-23
6895640727,家居用品,毯子,3,11,青岛,银行卡,2025-06-17
7217279127,服装,外套,6,384,昆明,微信支付,2025-06-05
5670062230,图书,小说,6,256,北京,微信支付,2025-06-30
3411177629,服装,T恤,7,355,合肥,微信支付,2025-06-19
4982698142,食品,牛奶,7,104,重庆,银行卡,2025-06-09
6322735268,食品,坚果,4,293,福州,支付宝,2025-06-02
8082340012,电子产品,鼠标,3,253,郑州,支付宝,2025-06-19
6143516848,电子产品,蓝牙耳机,2,166,北京,支付宝,2025-06-14
9750237361,食品,饼干,4,230,福州,微信支付,2025-06-09
2945734839,电子产品,蓝牙耳机,8,194,合肥,微信支付,2025-06-10
6589677752,图书,绘本,2,300,天津,银行卡,2025-06-26
3925450939,图书,小说,9,187,青岛,现金,2025-06-14
7258153150,食品,饼干,7,386,北京,银行卡,2025-06-03
3988758718,家居用品,台灯,3,178,青岛,支付宝,2025-06-29
4297263298,电子产品,蓝牙耳机,1,126,合肥,银行卡,2025-06-24
7089336523,电子产品,智能音箱,8,378,武汉,银行卡,2025-06-18
3409479888,食品,牛奶,9,377,合肥,现金,2025-06-15
8833812689,食品,巧克力,1,135,青岛,微信支付,2025-06-06
3662262484,服装,T恤,3,352,昆明,微信支付,2025-06-26
6427009236,家居用品,台灯,1,290,福州,微信支付,2025-06-21
1032741079,家居用品,保温杯,10,337,杭州,微信支付,2025-06-06
3382294744,食品,海苔,2,128,杭州,现金,2025-06-18
9225478363,食品,巧克力,5,304,福州,支付宝,2025-06-09
7174377693,食品,海苔,7,154,深圳,微信支付,2025-06-20
6684270818,食品,饼干,3,248,杭州,银行卡,2025-06-05
9080479971,食品,坚果,5,24,武汉,现金,2025-06-17
2357029095,家居用品,收纳盒,9,18,昆明,现金,2025-06-14
4363659497,服装,运动鞋,2,1,成都,微信支付,2025-06-29
9761698026,食品,牛奶,1,328,郑州,支付宝,2025-06-12
9521193195,食品,坚果,2,303,郑州,银行卡,2025-06-01
8833560815,图书,杂志,7,307,合肥,现金,2025-06-11
7584588016,家居用品,保温杯,10,277,深圳,现金,2025-06-27
1292505331,食品,巧克力,6,258,青岛,支付宝,2025-06-28
2444351735,服装,帽子,10,110,广州,现金,2025-06-27
4292870392,电子产品,电动牙刷,8,179,青岛,现金,2025-06-14
5283293433,电子产品,蓝牙耳机,10,125,北京,支付宝,2025-06-14
7320387833,图书,小说,3,34,天津,银行卡,2025-06-12
1419536632,电子产品,充电宝,6,175,上海,银行卡,2025-06-15
9195426044,食品,饼干,6,198,杭州,微信支付,2025-06-30
1807726850,图书,杂志,7,380,上海,银行卡,2025-06-19
6636685573,家居用品,枕头,7,189,上海,微信支付,2025-06-13
7562703111,食品,坚果,4,282,深圳,微信支付,2025-06-26
9582975246,图书,教材,3,294,南京,微信支付,2025-06-11
1780379919,食品,牛奶,6,47,上海,微信支付,2025-06-03
1181354256,服装,牛仔裤,2,146,昆明,微信支付,2025-06-04
3027714320,图书,漫画,1,347,深圳,支付宝,2025-06-28
6043814170,图书,小说,10,22,南京,支付宝,2025-06-11
9667053853,服装,运动鞋,1,386,广州,银行卡,2025-06-24
6549365024,家居用品,枕头,6,286,武汉,微信支付,2025-06-24
7178580257,食品,饼干,3,179,青岛,微信支付,2025-06-02
3204561187,食品,牛奶,9,357,上海,微信支付,2025-06-05
7464126755,图书,绘本,1,130,深圳,支付宝,2025-06-04
1664340261,电子产品,充电宝,5,250,武汉,支付宝,2025-06-18
5745328422,家居用品,枕头,2,353,郑州,现金,2025-06-26
5838477610,电子产品,电动牙刷,8,75,郑州,支付宝,2025-06-17
3678994733,电子产品,电动牙刷,10,133,重庆,现金,2025-06-29
1335224623,图书,漫画,1,260,昆明,银行卡,2025-06-21
9126461747,电子产品,智能音箱,1,95,福州,支付宝,2025-06-23
5297066296,食品,巧克力,5,222,北京,微信支付,2025-06-30
2045849913,图书,小说,3,347,郑州,银行卡,2025-06-11
4028164410,图书,绘本,9,55,广州,微信支付,2025-06-02
8138352955,家居用品,毯子,9,381,南京,现金,2025-06-15
7101364539,图书,绘本,5,42,南京,现金,2025-06-17
9852905785,家居用品,枕头,1,172,青岛,支付宝,2025-06-20
3005792574,食品,海苔,8,255,郑州,支付宝,2025-06-16
2027637055,图书,小说,10,366,广州,支付宝,2025-06-26
1875556664,电子产品,蓝牙耳机,8,122,深圳,微信支付,2025-06-06
5135221057,服装,外套,3,330,深圳,现金,2025-06-06
1363372354,食品,巧克力,9,34,天津,微信支付,2025-06-07
4895295810,家居用品,毯子,4,34,青岛,微信支付,2025-06-18
8044038466,服装,帽子,8,10,青岛,现金,2025-06-23
7176040773,服装,牛仔裤,8,170,杭州,微信支付,2025-06-25
2505902405,图书,教材,7,386,青岛,微信支付,2025-06-01
3102505278,服装,帽子,4,67,上海,银行卡,2025-06-03
1178534215,图书,小说,6,250,天津,微信支付,2025-06-21
9255717193,图书,杂志,10,397,昆明,现金,2025-06-12
9335980365,服装,牛仔裤,8,195,天津,微信支付,2025-06-17
1298473294,服装,T恤,6,227,南京,支付宝,2025-06-02
1827580238,家居用品,保温杯,10,111,郑州,现金,2025-06-30
7437732174,服装,运动鞋,3,204,南京,银行卡,2025-06-22
9154984274,家居用品,枕头,6,221,天津,支付宝,2025-06-29
2203937109,图书,小说,5,290,上海,现金,2025-06-18
1055420760,家居用品,收纳盒,1,229,广州,支付宝,2025-06-30
9476665698,电子产品,电动牙刷,8,267,广州,银行卡,2025-06-30
4601188710,服装,T恤,3,69,深圳,现金,2025-06-29
1884840294,食品,海苔,2,86,深圳,银行卡,2025-06-22
6580549990,电子产品,电动牙刷,10,9,郑州,银行卡,2025-06-30
2244997481,家居用品,保温杯,6,293,深圳,银行卡,2025-06-10
9507111273,家居用品,毯子,5,84,杭州,银行卡,2025-06-19
8225206635,家居用品,台灯,7,163,武汉,银行卡,2025-06-03
4314050920,电子产品,蓝牙耳机,5,296,重庆,银行卡,2025-06-28
1931233649,家居用品,收纳盒,6,255,昆明,现金,2025-06-10
3238148468,家居用品,毯子,3,216,昆明,银行卡,2025-06-04
1790691701,图书,杂志,8,152,青岛,银行卡,2025-06-01
8811192696,电子产品,充电宝,7,143,郑州,现金,2025-06-23
1446027640,食品,海苔,9,182,广州,微信支付,2025-06-05
9261261178,家居用品,毯子,7,24,深圳,支付宝,2025-06-13
5859297660,图书,教材,7,353,昆明,支付宝,2025-06-07
2828159360,图书,绘本,1,264,天津,微信支付,2025-06-03
5787632001,图书,绘本,6,86,广州,现金,2025-06-03
4916935045,食品,巧克力,9,249,青岛,现金,2025-06-13
2306550149,家居用品,毯子,7,125,上海,现金,2025-06-07
9979799941,图书,杂志,3,173,成都,现金,2025-06-10
7004998024,图书,杂志,6,58,深圳,银行卡,2025-06-15
6445691274,食品,饼干,10,312,天津,微信支付,2025-06-21
8734591372,食品,饼干,6,399,上海,银行卡,2025-06-01
5642404239,食品,巧克力,5,83,成都,微信支付,2025-06-24
6579855762,图书,小说,10,342,武汉,现金,2025-06-06
8985690518,电子产品,蓝牙耳机,10,380,广州,微信支付,2025-06-21
7781996951,食品,饼干,6,136,成都,支付宝,2025-06-24
1510392216,服装,运动鞋,1,37,天津,银行卡,2025-06-24
7742773654,家居用品,枕头,3,156,成都,现金,2025-06-22
7068287386,家居用品,枕头,4,31,武汉,微信支付,2025-06-02
6656270747,家居用品,收纳盒,10,165,郑州,支付宝,2025-06-25
9045907870,家居用品,台灯,4,356,天津,银行卡,2025-06-17
1208662433,服装,运动鞋,1,89,重庆,银行卡,2025-06-25
2578237858,服装,T恤,9,124,重庆,支付宝,2025-06-29
1898899879,食品,牛奶,10,295,重庆,支付宝,2025-06-01
6085966250,食品,坚果,6,67,上海,微信支付,2025-06-22
9581347243,电子产品,充电宝,3,194,青岛,微信支付,2025-06-01
7741335986,家居用品,毯子,3,358,天津,微信支付,2025-06-27
2980137394,食品,饼干,9,95,福州,银行卡,2025-06-20
9094390205,服装,帽子,1,208,重庆,支付宝,2025-06-12
1371908542,服装,帽子,6,251,广州,现金,2025-06-07
7564734910,电子产品,智能音箱,7,125,福州,现金,2025-06-16
6483243456,电子产品,电动牙刷,2,350,北京,微信支付,2025-06-18
9610324414,食品,坚果,1,175,天津,现金,2025-06-13
3589988804,图书,小说,8,254,成都,银行卡,2025-06-04
5054251461,服装,外套,7,295,南京,银行卡,2025-06-02
9946612166,电子产品,智能音箱,10,226,重庆,银行卡,2025-06-09
7639142855,电子产品,智能音箱,6,160,重庆,支付宝,2025-06-09
7320265157,家居用品,台灯,10,20,郑州,现金,2025-06-05
6656326092,家居用品,台灯,10,80,南京,现金,2025-06-02
2767456717,图书,漫画,5,144,杭州,支付宝,2025-06-13
1489174990,电子产品,蓝牙耳机,10,152,重庆,支付宝,2025-06-12
6902544847,食品,坚果,7,74,昆明,现金,2025-06-29
2147510736,食品,海苔,4,365,昆明,支付宝,2025-06-07
5315199439,家居用品,台灯,8,264,合肥,支付宝,2025-06-22
1874018772,电子产品,充电宝,6,45,上海,支付宝,2025-06-14
4077803989,家居用品,毯子,3,376,昆明,支付宝,2025-06-24
8398416340,服装,牛仔裤,5,226,广州,银行卡,2025-06-04
5802594774,图书,漫画,6,268,天津,现金,2025-06-18
7248237014,食品,海苔,9,7,郑州,银行卡,2025-06-16
7611965910,电子产品,蓝牙耳机,9,251,广州,银行卡,2025-06-16
5887404506,食品,巧克力,5,134,杭州,微信支付,2025-06-04
9375973846,服装,帽子,9,5,杭州,支付宝,2025-06-16
5001615836,服装,T恤,1,207,南京,现金,2025-06-09
8752880084,图书,杂志,2,314,合肥,银行卡,2025-06-18
2464872928,服装,帽子,6,5,武汉,支付宝,2025-06-22
5404707302,食品,饼干,8,25,青岛,现金,2025-06-12
9996016102,家居用品,枕头,2,102,上海,现金,2025-06-12
3706403304,服装,帽子,4,96,深圳,微信支付,2025-06-03
5647067624,电子产品,电动牙刷,7,49,天津,支付宝,2025-06-15
1350515178,电子产品,充电宝,2,142,杭州,现金,2025-06-16
6052819448,家居用品,台灯,6,221,福州,银行卡,2025-06-06
4472562170,图书,绘本,1,303,天津,银行卡,2025-06-10
1565458939,家居用品,收纳盒,10,119,深圳,银行卡,2025-06-26
5901052412,电子产品,充电宝,6,8,北京,微信支付,2025-06-25
3095941629,家居用品,毯子,10,379,重庆,银行卡,2025-06-22
2878908926,电子产品,蓝牙耳机,2,114,成都,支付宝,2025-06-01
1634388479,电子产品,蓝牙耳机,6,283,武汉,微信支付,2025-06-25
6166178306,电子产品,电动牙刷,2,92,杭州,支付宝,2025-06-03
5379119619,食品,海苔,3,356,天津,现金,2025-06-14
4358199815,服装,T恤,1,5,天津,银行卡,2025-06-21
1344236042,食品,巧克力,2,13,南京,微信支付,2025-06-02
4285049355,图书,漫画,10,103,天津,现金,2025-06-05
3610886667,食品,牛奶,5,110,重庆,微信支付,2025-06-24
5080218127,电子产品,充电宝,7,12,重庆,银行卡,2025-06-20
8135354896,服装,帽子,7,396,成都,银行卡,2025-06-16
3615855121,食品,巧克力,8,277,天津,支付宝,2025-06-06
9163229712,电子产品,充电宝,6,35,天津,微信支付,2025-06-09
9033714193,家居用品,枕头,10,161,上海,现金,2025-06-12
6281974293,电子产品,充电宝,7,90,天津,支付宝,2025-06-27
7652610592,食品,坚果,8,117,天津,现金,2025-06-26
5064901154,食品,海苔,6,36,上海,支付宝,2025-06-23
4572617251,食品,巧克力,10,60,成都,支付宝,2025-06-03
1647297060,食品,牛奶,9,98,武汉,现金,2025-06-20
3844074020,家居用品,收纳盒,10,379,合肥,银行卡,2025-06-17
6083850790,电子产品,电动牙刷,9,71,郑州,现金,2025-06-05
8302492199,图书,杂志,10,110,郑州,微信支付,2025-06-05
8988045860,食品,坚果,1,190,天津,银行卡,2025-06-08
2947879468,服装,T恤,8,120,天津,支付宝,2025-06-29
6924425773,服装,外套,10,37,南京,现金,2025-06-11
6144160301,电子产品,鼠标,4,348,郑州,现金,2025-06-22
4944108079,服装,帽子,9,296,昆明,支付宝,2025-06-30
3750400560,服装,牛仔裤,4,331,上海,现金,2025-06-18
7242975794,图书,小说,9,57,南京,现金,2025-06-07
5681195573,图书,绘本,6,186,天津,微信支付,2025-06-24
9647438390,家居用品,台灯,7,81,天津,支付宝,2025-06-05
8100065845,服装,运动鞋,10,346,合肥,微信支付,2025-06-24
3838831162,家居用品,收纳盒,4,60,杭州,现金,2025-06-11
2573908543,家居用品,台灯,2,79,天津,现金,2025-06-14
9706588737,图书,漫画,5,291,深圳,现金,2025-06-30
8734206530,图书,小说,8,169,福州,银行卡,2025-06-22
1630124611,食品,牛奶,3,181,上海,微信支付,2025-06-12
4667832902,家居用品,保温杯,6,103,北京,支付宝,2025-06-20
6619869768,图书,杂志,7,363,重庆,支付宝,2025-06-07
1743956554,服装,T恤,1,390,成都,银行卡,2025-06-26
5094724172,电子产品,蓝牙耳机,1,31,昆明,银行卡,2025-06-18
4126554701,服装,T恤,4,342,合肥,银行卡,2025-06-16
8348777037,家居用品,台灯,2,138,昆明,微信支付,2025-06-24
9202676303,服装,T恤,8,167,福州,微信支付,2025-06-05
4084695631,服装,运动鞋,9,167,昆明,现金,2025-06-07
6697400912,服装,运动鞋,6,334,南京,银行卡,2025-06-29
4994718286,食品,坚果,6,122,北京,银行卡,2025-06-04
7156945492,图书,绘本,5,46,深圳,支付宝,2025-06-10
7293403733,图书,教材,9,315,青岛,支付宝,2025-06-05
2303883863,电子产品,充电宝,8,249,天津,微信支付,2025-06-13
5402341975,电子产品,充电宝,1,170,郑州,银行卡,2025-06-11
1227575895,服装,运动鞋,4,209,北京,支付宝,2025-06-05
9891662423,图书,绘本,4,89,上海,银行卡,2025-06-27
2809627227,食品,坚果,10,181,深圳,现金,2025-06-26
1829210716,图书,漫画,9,380,福州,支付宝,2025-06-13
9460752987,服装,运动鞋,10,71,北京,银行卡,2025-06-21
1725409885,图书,小说,2,192,上海,支付宝,2025-06-30
7002933856,服装,牛仔裤,6,7,福州,银行卡,2025-06-26
1899481699,家居用品,台灯,2,190,杭州,微信支付,2025-06-21
2425010788,电子产品,智能音箱,7,6,昆明,现金,2025-06-15
4946098791,食品,牛奶,2,384,重庆,现金,2025-06-26
8843883111,服装,运动鞋,8,373,深圳,支付宝,2025-06-28
9766142571,家居用品,枕头,2,247,南京,支付宝,2025-06-14
3370986091,服装,外套,4,348,天津,微信支付,2025-06-11
2367967857,图书,漫画,3,378,武汉,微信支付,2025-06-05
2936560241,电子产品,电动牙刷,7,284,昆明,银行卡,2025-06-12
9325351543,服装,牛仔裤,3,335,重庆,支付宝,2025-06-09
2246312568,电子产品,智能音箱,4,153,天津,银行卡,2025-06-02
2572014202,电子产品,鼠标,4,330,南京,现金,2025-06-03
6884571774,服装,T恤,1,249,合肥,现金,2025-06-15
1598972544,家居用品,台灯,1,231,合肥,微信支付,2025-06-11
8358464129,家居用品,枕头,8,283,北京,微信支付,2025-06-06
5459438210,图书,小说,3,167,成都,支付宝,2025-06-17
6649533058,家居用品,毯子,3,337,昆明,支付宝,2025-06-02
7849480836,服装,牛仔裤,4,57,成都,微信支付,2025-06-17
4003099268,食品,巧克力,4,271,广州,微信支付,2025-06-17
1063062152,家居用品,保温杯,2,196,北京,银行卡,2025-06-19
3655697033,食品,巧克力,2,343,武汉,现金,2025-06-27
9667715720,电子产品,智能音箱,1,241,广州,支付宝,2025-06-26
2374185616,家居用品,保温杯,6,98,合肥,支付宝,2025-06-29
8032600720,食品,巧克力,10,272,成都,现金,2025-06-05
5898535569,食品,海苔,2,244,昆明,银行卡,2025-06-13
5247720085,服装,运动鞋,8,129,北京,支付宝,2025-06-09
5397699228,食品,牛奶,2,128,福州,微信支付,2025-06-08
9226977951,图书,教材,1,149,北京,支付宝,2025-06-20
1414951585,服装,运动鞋,3,237,天津,银行卡,2025-06-23
1833360037,图书,小说,10,10,青岛,支付宝,2025-06-08
2157929128,食品,巧克力,3,195,重庆,支付宝,2025-06-24
6310607529,家居用品,毯子,7,53,北京,现金,2025-06-30
2379106987,食品,海苔,10,375,南京,银行卡,2025-06-26
2476382892,图书,教材,1,100,昆明,支付宝,2025-06-17
2196128427,图书,小说,6,142,重庆,微信支付,2025-06-16
9250529964,电子产品,电动牙刷,3,71,北京,银行卡,2025-06-24
2979484336,电子产品,充电宝,5,52,杭州,支付宝,2025-06-29
1584573105,服装,帽子,5,73,广州,现金,2025-06-10
4810689201,电子产品,智能音箱,10,257,昆明,现金,2025-06-17
8050711219,图书,小说,6,317,昆明,支付宝,2025-06-01
3624690354,电子产品,蓝牙耳机,8,195,杭州,现金,2025-06-10
6478998197,家居用品,保温杯,4,310,杭州,现金,2025-06-22
5536160440,家居用品,收纳盒,5,174,深圳,现金,2025-06-25
5487872697,家居用品,收纳盒,6,194,武汉,支付宝,2025-06-07
3943187133,服装,运动鞋,7,85,福州,微信支付,2025-06-07
3896179390,电子产品,电动牙刷,10,138,北京,支付宝,2025-06-07
9749105344,服装,外套,8,148,天津,微信支付,2025-06-28
4891146947,电子产品,充电宝,5,269,青岛,现金,2025-06-14
7154545350,电子产品,电动牙刷,1,24,广州,现金,2025-06-11
4633219783,食品,牛奶,4,204,北京,银行卡,2025-06-23
8106556105,家居用品,台灯,7,240,昆明,支付宝,2025-06-29
3742675660,食品,牛奶,8,394,成都,支付宝,2025-06-26
7460797137,家居用品,枕头,5,274,上海,微信支付,2025-06-04
8182360788,家居用品,保温杯,1,80,杭州,银行卡,2025-06-28
5925980885,电子产品,蓝牙耳机,7,44,上海,微信支付,2025-06-30
9912369876,图书,漫画,6,68,福州,现金,2025-06-05
9366637271,服装,牛仔裤,4,250,成都,现金,2025-06-18
6248981208,家居用品,保温杯,6,153,成都,现金,2025-06-20
1293662946,图书,漫画,4,74,天津,微信支付,2025-06-02
1750110946,家居用品,台灯,5,53,上海,银行卡,2025-06-01
1301920484,电子产品,鼠标,6,89,武汉,现金,2025-06-22
7490417378,电子产品,充电宝,10,348,合肥,微信支付,2025-06-05
3055147746,食品,牛奶,5,215,武汉,现金,2025-06-05
7481361129,家居用品,台灯,5,73,昆明,微信支付,2025-06-16
1435114218,图书,漫画,5,26,北京,微信支付,2025-06-26
7071996655,电子产品,充电宝,7,118,成都,微信支付,2025-06-24
1650307824,电子产品,充电宝,8,230,北京,银行卡,2025-06-25
7879328497,家居用品,保温杯,2,119,南京,银行卡,2025-06-27
1178297073,电子产品,鼠标,10,269,杭州,银行卡,2025-06-21
1983552243,食品,海苔,6,280,杭州,现金,2025-06-17
5128483575,家居用品,枕头,2,306,福州,现金,2025-06-08
4622498553,食品,坚果,5,179,福州,支付宝,2025-06-22
4604408570,图书,漫画,7,381,杭州,现金,2025-06-16
5730499323,服装,运动鞋,1,301,重庆,微信支付,2025-06-09
8773475068,食品,牛奶,7,299,北京,现金,2025-06-02
2311451389,家居用品,收纳盒,9,145,天津,微信支付,2025-06-02
8512645884,电子产品,鼠标,7,314,福州,现金,2025-06-27
2739176191,服装,牛仔裤,2,173,深圳,微信支付,2025-06-20
3262790399,电子产品,蓝牙耳机,3,12,重庆,微信支付,2025-06-04
9715888889,电子产品,充电宝,8,377,昆明,微信支付,2025-06-22
4255271682,电子产品,充电宝,7,6,武汉,银行卡,2025-06-30
9903624963,家居用品,台灯,9,308,福州,支付宝,2025-06-28
2915511038,食品,坚果,1,97,深圳,微信支付,2025-06-21
1523022597,服装,运动鞋,5,5,青岛,支付宝,2025-06-22
2088764166,食品,坚果,6,128,青岛,银行卡,2025-06-02
1118200583,图书,小说,7,33,杭州,微信支付,2025-06-29
2970168070,服装,帽子,8,21,重庆,现金,2025-06-20
4050711306,电子产品,鼠标,6,215,广州,支付宝,2025-06-02
7721542413,服装,牛仔裤,10,241,武汉,支付宝,2025-06-30
9799234317,电子产品,充电宝,8,360,天津,现金,2025-06-14
5582230287,家居用品,保温杯,10,284,青岛,现金,2025-06-12
2533925647,图书,杂志,10,268,福州,银行卡,2025-06-17
6320261905,服装,T恤,10,208,上海,支付宝,2025-06-06
5158046481,图书,绘本,2,228,郑州,微信支付,2025-06-01
8298203923,图书,漫画,7,189,重庆,银行卡,2025-06-22
1056598802,电子产品,鼠标,9,355,青岛,银行卡,2025-06-20
1310434069,服装,帽子,2,396,广州,现金,2025-06-23
7506502421,服装,牛仔裤,2,234,北京,现金,2025-06-30
3908633366,图书,小说,2,280,合肥,现金,2025-06-13
6662271764,食品,坚果,5,86,上海,支付宝,2025-06-14
3146031890,电子产品,电动牙刷,9,56,广州,微信支付,2025-06-23
6506242842,服装,外套,4,349,杭州,支付宝,2025-06-18
3843773208,电子产品,智能音箱,2,191,天津,支付宝,2025-06-18
9880548119,图书,杂志,6,145,广州,现金,2025-06-18
1773507353,家居用品,枕头,2,5,南京,微信支付,2025-06-21
5035256607,电子产品,鼠标,2,19,郑州,支付宝,2025-06-24
8505529122,家居用品,台灯,7,70,深圳,银行卡,2025-06-03
8136334117,服装,运动鞋,10,44,昆明,微信支付,2025-06-26
2100388648,电子产品,蓝牙耳机,1,323,南京,支付宝,2025-06-16
7450741545,服装,牛仔裤,8,197,广州,微信支付,2025-06-26
3577436970,图书,小说,1,301,成都,支付宝,2025-06-29
8221860650,图书,绘本,1,56,青岛,微信支付,2025-06-21
4842027819,图书,教材,5,342,郑州,微信支付,2025-06-17
7527203629,食品,饼干,8,248,南京,银行卡,2025-06-09
7613588272,服装,牛仔裤,6,160,昆明,现金,2025-06-26
5965888305,家居用品,台灯,10,185,成都,微信支付,2025-06-27
1872274226,食品,巧克力,7,297,天津,微信支付,2025-06-11
6092442420,电子产品,蓝牙耳机,8,264,南京,微信支付,2025-06-20
9178456889,图书,绘本,6,310,郑州,支付宝,2025-06-30
2404162364,电子产品,蓝牙耳机,4,52,深圳,支付宝,2025-06-24
4637995838,电子产品,智能音箱,3,211,福州,现金,2025-06-15
4231740225,家居用品,毯子,1,353,南京,现金,2025-06-25
2711061314,电子产品,蓝牙耳机,6,238,北京,微信支付,2025-06-11
3321373507,家居用品,保温杯,7,17,武汉,支付宝,2025-06-11
4552311623,家居用品,保温杯,4,126,北京,微信支付,2025-06-14
3004836683,服装,牛仔裤,10,151,合肥,银行卡,2025-06-23
3391007564,图书,漫画,2,153,合肥,银行卡,2025-06-28
6336176971,图书,漫画,6,100,福州,微信支付,2025-06-04
7893048149,图书,小说,9,122,广州,支付宝,2025-06-16
7531389781,图书,小说,4,143,南京,现金,2025-06-14
1404187484,电子产品,鼠标,5,53,南京,银行卡,2025-06-29
4237794143,电子产品,充电宝,3,200,青岛,微信支付,2025-06-03
7556510559,家居用品,毯子,4,113,合肥,现金,2025-06-07
1394226024,电子产品,智能音箱,8,248,重庆,银行卡,2025-06-23
5664211817,食品,海苔,6,118,合肥,支付宝,2025-06-28
9257313130,图书,漫画,6,377,郑州,现金,2025-06-27
7532448618,图书,小说,9,39,北京,微信支付,2025-06-13
7590433643,食品,牛奶,4,136,南京,支付宝,2025-06-15
1496310637,电子产品,电动牙刷,2,9,武汉,微信支付,2025-06-05
4402475887,电子产品,电动牙刷,5,218,杭州,现金,2025-06-14
2041912181,食品,巧克力,10,398,福州,支付宝,2025-06-18
1031883640,家居用品,毯子,9,280,北京,银行卡,2025-06-21
9068178296,家居用品,台灯,7,286,上海,微信支付,2025-06-19
1337504633,图书,教材,5,146,成都,支付宝,2025-06-15
3549471611,食品,饼干,9,344,重庆,支付宝,2025-06-14
1120023421,食品,海苔,5,97,合肥,现金,2025-06-04
5273416575,服装,运动鞋,7,161,北京,微信支付,2025-06-11
1383830400,服装,牛仔裤,7,238,天津,银行卡,2025-06-09
5533152127,食品,饼干,5,357,北京,微信支付,2025-06-06
8718248833,家居用品,台灯,6,309,北京,银行卡,2025-06-29
7689317251,食品,饼干,1,140,成都,现金,2025-06-28
7987592068,电子产品,充电宝,7,279,合肥,银行卡,2025-06-20
4321047429,家居用品,收纳盒,4,321,上海,现金,2025-06-14
5383144328,服装,T恤,10,348,杭州,银行卡,2025-06-29
3680285578,电子产品,蓝牙耳机,10,265,昆明,支付宝,2025-06-30
4503448461,电子产品,电动牙刷,1,285,郑州,银行卡,2025-06-26
5366377358,服装,T恤,8,248,天津,微信支付,2025-06-30
7211064208,服装,牛仔裤,9,41,上海,支付宝,2025-06-13
4920642449,家居用品,保温杯,3,17,上海,支付宝,2025-06-30
6007841682,服装,T恤,3,295,北京,银行卡,2025-06-20
6250386320,图书,绘本,5,360,天津,支付宝,2025-06-20
9169374096,食品,巧克力,1,199,北京,银行卡,2025-06-23
7551169429,食品,巧克力,10,339,福州,支付宝,2025-06-10
3334296464,服装,T恤,5,159,北京,银行卡,2025-06-07
1161292691,电子产品,鼠标,8,167,深圳,银行卡,2025-06-27
1191717785,家居用品,毯子,3,140,昆明,现金,2025-06-27
3105387418,电子产品,充电宝,8,241,合肥,银行卡,2025-06-09
1744229273,图书,小说,2,280,北京,支付宝,2025-06-12
5799314329,图书,教材,6,192,上海,现金,2025-06-30
7527392156,食品,饼干,4,259,郑州,银行卡,2025-06-26
2169582493,图书,小说,5,93,昆明,支付宝,2025-06-26
3194608545,家居用品,枕头,4,52,广州,微信支付,2025-06-13
3709404066,食品,牛奶,4,12,深圳,微信支付,2025-06-06
5514601378,家居用品,保温杯,7,213,上海,微信支付,2025-06-22
3620711333,食品,牛奶,4,24,深圳,现金,2025-06-15
8694412200,服装,牛仔裤,3,264,广州,微信支付,2025-06-27
2398358441,食品,饼干,8,376,青岛,银行卡,2025-06-19
4435545009,食品,饼干,2,237,南京,微信支付,2025-06-06
6554440625,食品,巧克力,9,259,北京,现金,2025-06-06
9174879154,服装,外套,1,223,广州,现金,2025-06-28
9181289397,服装,外套,7,251,昆明,现金,2025-06-19
9541950397,图书,漫画,7,211,青岛,银行卡,2025-06-12
3878917054,电子产品,智能音箱,9,345,成都,支付宝,2025-06-08
1103422399,电子产品,鼠标,8,299,福州,银行卡,2025-06-20
2501508032,服装,牛仔裤,7,367,广州,现金,2025-06-12
6194398144,食品,牛奶,10,11,成都,现金,2025-06-29
4663837631,电子产品,智能音箱,1,8,上海,银行卡,2025-06-12
3533671359,图书,绘本,3,214,青岛,微信支付,2025-06-05
4046175168,家居用品,收纳盒,6,265,北京,银行卡,2025-06-30
4401626049,电子产品,充电宝,4,352,郑州,支付宝,2025-06-03
1226464203,电子产品,充电宝,9,63,武汉,微信支付,2025-06-04
1436140491,家居用品,收纳盒,8,303,昆明,现金,2025-06-02
1290470349,图书,绘本,9,134,郑州,银行卡,2025-06-24
1206457296,电子产品,蓝牙耳机,1,310,北京,支付宝,2025-06-26
7667231697,电子产品,智能音箱,10,312,福州,支付宝,2025-06-11
8034831314,食品,海苔,2,239,广州,微信支付,2025-06-17
2055578580,服装,牛仔裤,3,151,合肥,支付宝,2025-06-24
8285633493,服装,运动鞋,4,155,昆明,支付宝,2025-06-07
5737065430,家居用品,台灯,7,211,上海,银行卡,2025-06-10
9910666201,食品,牛奶,10,323,天津,微信支付,2025-06-02
6603054044,电子产品,充电宝,2,200,天津,支付宝,2025-06-01
7554524125,电子产品,充电宝,4,160,广州,银行卡,2025-06-14
2321081308,电子产品,充电宝,5,194,上海,支付宝,2025-06-20
6117999584,家居用品,台灯,9,255,上海,支付宝,2025-06-26
4146998246,服装,外套,7,373,成都,银行卡,2025-06-05
6164323305,图书,绘本,9,64,广州,现金,2025-06-03
6282392554,食品,饼干,6,352,杭州,银行卡,2025-06-25
2033304555,家居用品,枕头,6,131,上海,银行卡,2025-06-07
2255588329,电子产品,鼠标,4,104,深圳,支付宝,2025-06-09
7323167726,食品,巧克力,5,31,上海,微信支付,2025-06-16
1800649711,服装,T恤,7,229,南京,银行卡,2025-06-29
8318544883,食品,巧克力,3,258,昆明,银行卡,2025-06-19
7452285940,食品,牛奶,7,91,上海,银行卡,2025-06-22
7293938676,家居用品,毯子,7,143,天津,银行卡,2025-06-20
2800554998,图书,教材,7,125,重庆,支付宝,2025-06-09
6288374774,电子产品,鼠标,9,122,上海,微信支付,2025-06-14
9500468216,电子产品,智能音箱,1,76,合肥,现金,2025-06-23
3444022262,家居用品,毯子,9,16,杭州,支付宝,2025-06-09
3946951678,图书,漫画,7,160,广州,微信支付,2025-06-27
6084197375,图书,教材,3,60,深圳,银行卡,2025-06-05
4268547071,电子产品,电动牙刷,9,299,北京,银行卡,2025-06-02
8575960064,食品,牛奶,10,14,上海,现金,2025-06-23
8137800706,服装,T恤,6,305,重庆,微信支付,2025-06-02
5912359940,食品,坚果,5,167,杭州,微信支付,2025-06-29
9453755398,电子产品,充电宝,9,329,昆明,现金,2025-06-18
6613767176,家居用品,台灯,8,145,青岛,微信支付,2025-06-26
5460870159,家居用品,台灯,7,256,深圳,银行卡,2025-06-27
4009612306,家居用品,保温杯,8,236,重庆,微信支付,2025-06-03
2436828179,电子产品,电动牙刷,4,107,郑州,微信支付,2025-06-27
3252790293,食品,海苔,3,230,深圳,现金,2025-06-15
9543484438,电子产品,智能音箱,9,135,天津,支付宝,2025-06-07
2089954328,服装,帽子,8,226,青岛,微信支付,2025-06-08
1618877465,图书,绘本,1,17,合肥,现金,2025-06-13
1197263899,食品,坚果,1,267,青岛,微信支付,2025-06-11
8209206302,服装,外套,8,12,天津,支付宝,2025-06-20
1668359204,图书,教材,5,7,成都,支付宝,2025-06-04
5236519973,家居用品,收纳盒,2,271,天津,支付宝,2025-06-12
4696792102,家居用品,台灯,9,189,武汉,银行卡,2025-06-10
1739191336,电子产品,电动牙刷,5,213,广州,现金,2025-06-10
1262298154,家居用品,台灯,3,317,杭州,微信支付,2025-06-12
2905551915,电子产品,电动牙刷,3,91,重庆,银行卡,2025-06-10
1736088620,图书,漫画,10,181,武汉,银行卡,2025-06-13
4918912043,图书,漫画,1,8,合肥,支付宝,2025-06-02
5034218542,图书,漫画,10,377,北京,支付宝,2025-06-10
6802543664,食品,巧克力,8,337,北京,微信支付,2025-06-14
5307751473,服装,帽子,5,202,青岛,银行卡,2025-06-11
5151751225,图书,绘本,1,187,重庆,微信支付,2025-06-06
6651546686,家居用品,保温杯,10,244,昆明,现金,2025-06-26
2549951554,电子产品,蓝牙耳机,7,141,上海,银行卡,2025-06-24
5685996612,服装,帽子,3,314,福州,现金,2025-06-15
1690514503,家居用品,保温杯,5,232,重庆,银行卡,2025-06-10
4403369032,电子产品,充电宝,9,385,合肥,微信支付,2025-06-03
4617024584,家居用品,台灯,5,70,广州,现金,2025-06-08
5998867530,家居用品,收纳盒,5,229,昆明,现金,2025-06-15
9011713100,食品,坚果,6,29,郑州,支付宝,2025-06-02
2563972176,图书,漫画,3,101,福州,银行卡,2025-06-18
9590248531,电子产品,蓝牙耳机,4,327,武汉,微信支付,2025-06-24
8313541715,电子产品,鼠标,6,229,南京,支付宝,2025-06-04
2627841111,食品,饼干,9,160,上海,支付宝,2025-06-11
6229371992,家居用品,收纳盒,3,366,重庆,支付宝,2025-06-06
4846988379,食品,坚果,10,65,南京,支付宝,2025-06-08
6105951324,食品,饼干,7,298,福州,银行卡,2025-06-18
3996898398,图书,漫画,6,175,上海,微信支付,2025-06-15
9459919968,服装,帽子,9,155,成都,微信支付,2025-06-26
4135298145,食品,巧克力,10,3,北京,银行卡,2025-06-01
2513421410,服装,外套,9,292,上海,微信支付,2025-06-21
1346339938,图书,杂志,4,5,武汉,银行卡,2025-06-19
4105903204,图书,教材,9,338,合肥,现金,2025-06-12
8437697637,家居用品,毯子,8,387,南京,现金,2025-06-25
2419852390,家居用品,台灯,7,36,天津,银行卡,2025-06-30
1772022882,服装,T恤,10,191,天津,现金,2025-06-21
7911724138,家居用品,台灯,5,32,南京,现金,2025-06-07
8788933741,电子产品,智能音箱,4,296,深圳,支付宝,2025-06-26
6291700847,服装,T恤,4,347,武汉,支付宝,2025-06-04
7921810545,服装,外套,3,185,广州,现金,2025-06-30
1014342770,家居用品,台灯,3,49,重庆,现金,2025-06-21
9018377335,服装,牛仔裤,3,30,福州,银行卡,2025-06-05
2655624315,图书,杂志,3,63,青岛,微信支付,2025-06-12
1766734972,食品,巧克力,4,377,杭州,支付宝,2025-06-21
5981895804,电子产品,充电宝,5,356,广州,银行卡,2025-06-20
5734800508,服装,运动鞋,6,358,天津,支付宝,2025-06-12
1549241473,服装,运动鞋,1,17,天津,支付宝,2025-06-20
9211628673,电子产品,蓝牙耳机,3,305,重庆,现金,2025-06-27
7425315971,家居用品,毯子,10,350,合肥,微信支付,2025-06-24
5707838597,食品,巧克力,2,392,广州,支付宝,2025-06-08
5667042438,家居用品,台灯,5,190,青岛,现金,2025-06-27
1981731974,图书,漫画,8,128,青岛,现金,2025-06-14
1086854277,家居用品,毯子,7,11,福州,银行卡,2025-06-26
9633985673,图书,教材,1,333,合肥,支付宝,2025-06-05
1210350726,服装,牛仔裤,7,227,重庆,支付宝,2025-06-20
7747746955,食品,巧克力,8,301,福州,微信支付,2025-06-23
7333110924,服装,运动鞋,6,394,青岛,现金,2025-06-29
2396615821,服装,运动鞋,5,254,北京,微信支付,2025-06-27
7826353294,食品,饼干,8,194,合肥,现金,2025-06-28
7563871366,电子产品,电动牙刷,6,107,深圳,现金,2025-06-30
9316715670,图书,绘本,2,347,天津,银行卡,2025-06-13
6341940375,食品,牛奶,4,107,北京,现金,2025-06-18
3463974044,电子产品,鼠标,3,122,北京,支付宝,2025-06-07
7081061534,电子产品,鼠标,10,152,福州,银行卡,2025-06-09
4298273951,图书,漫画,6,174,郑州,微信支付,2025-06-12
6680722593,家居用品,枕头,8,61,杭州,现金,2025-06-05
1480432805,食品,海苔,1,372,北京,银行卡,2025-06-28
7470843046,家居用品,枕头,10,127,深圳,现金,2025-06-13
8956970150,家居用品,枕头,7,214,昆明,现金,2025-06-07
5958620333,服装,T恤,5,111,南京,现金,2025-06-14
4780186800,食品,巧克力,6,343,昆明,现金,2025-06-10
6424837300,图书,小说,7,152,成都,现金,2025-06-05
2718033082,食品,巧克力,2,346,杭州,支付宝,2025-06-03
7124880573,电子产品,蓝牙耳机,4,334,武汉,现金,2025-06-08
4583062717,家居用品,毯子,10,157,重庆,现金,2025-06-27
9158077630,图书,教材,8,11,武汉,微信支付,2025-06-07
3509726400,食品,饼干,7,139,郑州,现金,2025-06-24
9381795006,家居用品,收纳盒,10,199,杭州,现金,2025-06-18
6376981696,电子产品,充电宝,1,144,上海,银行卡,2025-06-16
8523916482,食品,饼干,7,342,南京,支付宝,2025-06-27
9798937800,电子产品,智能音箱,4,160,福州,银行卡,2025-06-02
8372427977,食品,饼干,7,359,福州,微信支付,2025-06-02
8315628745,服装,帽子,1,392,天津,现金,2025-06-11
7066672334,电子产品,电动牙刷,7,325,福州,现金,2025-06-30
5059808463,电子产品,电动牙刷,7,353,广州,支付宝,2025-06-03
8478098640,电子产品,蓝牙耳机,10,224,广州,银行卡,2025-06-14
7655079122,食品,巧克力,3,151,杭州,支付宝,2025-06-12
7652601044,食品,坚果,3,164,广州,现金,2025-06-26
5927423191,电子产品,充电宝,4,217,合肥,支付宝,2025-06-05
9855202521,服装,T恤,6,356,广州,支付宝,2025-06-13
3007732955,食品,牛奶,5,259,深圳,现金,2025-06-24
2691499237,家居用品,台灯,6,245,武汉,银行卡,2025-06-02
1145584869,食品,牛奶,2,208,上海,现金,2025-06-03
1245091046,食品,饼干,9,260,南京,微信支付,2025-06-06
1123073257,家居用品,收纳盒,7,49,深圳,现金,2025-06-07
2955238634,电子产品,电动牙刷,5,249,武汉,支付宝,2025-06-16
8186488044,食品,饼干,6,160,成都,银行卡,2025-06-25
6027867377,服装,T恤,5,227,上海,微信支付,2025-06-14
1173263604,食品,坚果,2,103,杭州,银行卡,2025-06-24
1788794101,电子产品,电动牙刷,9,369,杭州,支付宝,2025-06-06
7294260470,食品,坚果,10,28,深圳,现金,2025-06-11
7129486584,电子产品,智能音箱,3,244,深圳,现金,2025-06-11
7964505337,服装,运动鞋,4,294,郑州,微信支付,2025-06-20
2246233336,家居用品,收纳盒,5,255,昆明,银行卡,2025-06-04
7826253051,电子产品,鼠标,2,114,重庆,微信支付,2025-06-15
3716125946,家居用品,枕头,7,137,福州,现金,2025-06-02
4493929722,服装,外套,2,238,北京,支付宝,2025-06-21
5206332674,图书,小说,6,19,青岛,支付宝,2025-06-05
7389097221,电子产品,电动牙刷,3,248,青岛,银行卡,2025-06-29
8698373381,服装,运动鞋,9,117,福州,现金,2025-06-11
5207129351,图书,杂志,2,8,郑州,银行卡,2025-06-27
5953645829,服装,T恤,1,85,上海,现金,2025-06-03
3546008837,图书,教材,6,394,武汉,微信支付,2025-06-17
6995991818,电子产品,充电宝,6,215,北京,微信支付,2025-06-13
4282533130,服装,帽子,2,110,合肥,现金,2025-06-11
2967870730,家居用品,枕头,2,172,上海,银行卡,2025-06-20
6832979208,服装,帽子,5,292,重庆,现金,2025-06-29
9759141136,食品,饼干,3,172,重庆,现金,2025-06-03
7191883026,食品,牛奶,2,338,广州,银行卡,2025-06-11
8448050451,食品,巧克力,8,197,深圳,微信支付,2025-06-23
4700456211,服装,牛仔裤,6,58,郑州,支付宝,2025-06-08
2676073749,食品,坚果,9,187,上海,银行卡,2025-06-01
5831867667,服装,T恤,2,147,福州,支付宝,2025-06-11
4999505176,图书,漫画,4,96,合肥,现金,2025-06-06
8386850075,食品,饼干,1,78,成都,银行卡,2025-06-14
3742885148,电子产品,蓝牙耳机,4,307,福州,现金,2025-06-28
2109607196,电子产品,充电宝,9,156,昆明,微信支付,2025-06-16
4812387617,服装,牛仔裤,10,240,青岛,现金,2025-06-16
9369085218,图书,漫画,5,203,上海,银行卡,2025-06-10
8261283107,家居用品,保温杯,5,65,广州,微信支付,2025-06-24
5969288488,服装,T恤,7,362,重庆,微信支付,2025-06-26
6645792043,服装,运动鞋,3,123,郑州,微信支付,2025-06-28
6393509168,图书,教材,9,100,成都,银行卡,2025-06-26
5124820273,家居用品,保温杯,10,211,北京,银行卡,2025-06-20
1985080626,家居用品,收纳盒,2,11,北京,支付宝,2025-06-21
5483296049,食品,牛奶,5,114,合肥,微信支付,2025-06-17
5187052854,家居用品,台灯,8,93,成都,支付宝,2025-06-08
5400438071,家居用品,台灯,3,181,郑州,微信支付,2025-06-07
5471532342,服装,帽子,8,85,天津,微信支付,2025-06-06
3118482746,电子产品,充电宝,9,177,福州,支付宝,2025-06-15
2406446402,家居用品,保温杯,6,269,青岛,银行卡,2025-06-26
7965719880,服装,外套,3,117,郑州,银行卡,2025-06-25
8253687116,图书,教材,6,47,北京,银行卡,2025-06-16
6103567692,家居用品,枕头,7,107,成都,微信支付,2025-06-21
3466700109,电子产品,电动牙刷,5,301,南京,微信支付,2025-06-29
1235666255,食品,饼干,4,16,南京,银行卡,2025-06-11
3278472530,家居用品,毯子,8,98,南京,微信支付,2025-06-10
3826201940,图书,绘本,2,359,青岛,现金,2025-06-19
4448664920,服装,运动鞋,9,262,合肥,支付宝,2025-06-10
2406171997,食品,坚果,2,9,昆明,微信支付,2025-06-30
4057396573,服装,外套,5,393,深圳,银行卡,2025-06-21
9625042271,食品,海苔,8,289,合肥,现金,2025-06-18
2902560096,食品,海苔,8,361,昆明,支付宝,2025-06-27
8040217953,家居用品,毯子,4,125,武汉,微信支付,2025-06-30
5424825693,家居用品,台灯,8,207,青岛,银行卡,2025-06-23
6482099558,电子产品,充电宝,6,57,青岛,现金,2025-06-18
1043705192,家居用品,毯子,4,304,昆明,支付宝,2025-06-15
5798055272,图书,漫画,4,112,昆明,支付宝,2025-06-23
3648619890,服装,帽子,7,289,青岛,支付宝,2025-06-08
2369860979,电子产品,电动牙刷,9,235,武汉,银行卡,2025-06-03
9008407922,图书,教材,10,291,昆明,微信支付,2025-06-17
5730282870,服装,帽子,4,347,重庆,现金,2025-06-11
4742499703,食品,饼干,6,41,杭州,现金,2025-06-28
9720989048,食品,巧克力,4,240,北京,现金,2025-06-29
5788562809,电子产品,鼠标,2,193,郑州,现金,2025-06-27
5977609596,电子产品,智能音箱,10,51,武汉,银行卡,2025-06-16
7152207228,图书,漫画,9,334,杭州,现金,2025-06-10
8413257089,服装,帽子,10,371,昆明,银行卡,2025-06-04
5406039426,服装,牛仔裤,7,270,上海,微信支付,2025-06-09
4103910791,家居用品,台灯,3,8,合肥,银行卡,2025-06-08
2117055880,服装,运动鞋,7,264,杭州,微信支付,2025-06-07
5575818632,图书,教材,4,271,郑州,银行卡,2025-06-11
3001937294,图书,漫画,1,294,上海,微信支付,2025-06-23
2223775119,家居用品,毯子,1,40,武汉,微信支付,2025-06-22
4988999056,电子产品,鼠标,10,354,合肥,微信支付,2025-06-09
6801096083,家居用品,毯子,1,262,昆明,银行卡,2025-06-18
4869762451,电子产品,鼠标,2,197,合肥,银行卡,2025-06-06
3408258453,家居用品,保温杯,3,13,重庆,支付宝,2025-06-05
9182186904,电子产品,充电宝,1,315,上海,现金,2025-06-29
3540321690,图书,杂志,7,340,成都,银行卡,2025-06-21
5502553501,图书,教材,9,221,杭州,现金,2025-06-14
1457489309,图书,绘本,9,178,杭州,微信支付,2025-06-01
2508010912,电子产品,电动牙刷,5,158,上海,微信支付,2025-06-27
4775538090,家居用品,毯子,8,294,福州,微信支付,2025-06-25
4460881325,图书,小说,5,144,广州,现金,2025-06-02
7223895474,电子产品,充电宝,3,31,重庆,微信支付,2025-06-20
5090530738,家居用品,保温杯,4,83,深圳,银行卡,2025-06-27
3700655540,食品,海苔,3,381,北京,现金,2025-06-09
1543738806,电子产品,智能音箱,10,243,北京,现金,2025-06-02
6903436729,电子产品,鼠标,3,42,昆明,微信支付,2025-06-16
9065700795,食品,坚果,5,388,合肥,银行卡,2025-06-25
7986863547,食品,饼干,5,341,杭州,支付宝,2025-06-29
4473597373,家居用品,保温杯,7,174,北京,现金,2025-06-30
7342458305,食品,饼干,3,146,杭州,支付宝,2025-06-04
9705196996,电子产品,鼠标,8,177,上海,银行卡,2025-06-20
3562489285,服装,帽子,6,133,深圳,现金,2025-06-06
5205966281,食品,牛奶,2,81,深圳,现金,2025-06-10
9439083978,图书,教材,6,14,合肥,支付宝,2025-06-04
3133750731,食品,海苔,7,377,杭州,微信支付,2025-06-04
2943165902,服装,运动鞋,5,106,深圳,现金,2025-06-01
8324369871,电子产品,鼠标,5,164,南京,银行卡,2025-06-21
2848478672,电子产品,鼠标,4,192,武汉,支付宝,2025-06-29
7277977041,电子产品,智能音箱,4,2,深圳,支付宝,2025-06-10
7307996625,家居用品,台灯,7,45,天津,支付宝,2025-06-03
2896014804,图书,绘本,9,331,成都,微信支付,2025-06-22
8330823127,家居用品,保温杯,5,227,南京,银行卡,2025-06-12
2407169496,电子产品,智能音箱,5,17,广州,现金,2025-06-16
9902405080,电子产品,电动牙刷,4,221,杭州,现金,2025-06-04
4723484120,图书,小说,5,120,郑州,支付宝,2025-06-23
4542715362,电子产品,蓝牙耳机,2,219,深圳,现金,2025-06-20
1385350626,电子产品,鼠标,4,343,昆明,微信支付,2025-06-25
1753378279,食品,饼干,8,83,北京,银行卡,2025-06-04
2391219691,电子产品,蓝牙耳机,10,78,上海,微信支付,2025-06-30
6133978604,服装,运动鞋,10,202,北京,现金,2025-06-19
7090970094,服装,外套,7,137,郑州,现金,2025-06-03
8318225903,图书,绘本,5,191,北京,微信支付,2025-06-19
6386820592,图书,小说,1,269,合肥,现金,2025-06-15
2239329774,食品,海苔,5,165,福州,银行卡,2025-06-22
1705305586,图书,杂志,4,296,合肥,支付宝,2025-06-06
8133895663,图书,杂志,9,243,广州,现金,2025-06-20
2101439988,服装,外套,10,189,重庆,现金,2025-06-06
9969483253,食品,海苔,4,154,武汉,微信支付,2025-06-16
1776905712,电子产品,智能音箱,7,20,青岛,银行卡,2025-06-18
6994339313,电子产品,蓝牙耳机,7,361,天津,银行卡,2025-06-17
6117088762,图书,杂志,9,130,重庆,微信支付,2025-06-28
7484511740,服装,外套,9,216,郑州,银行卡,2025-06-11
7131231741,服装,帽子,6,4,北京,银行卡,2025-06-02
1581884927,食品,坚果,7,369,合肥,现金,2025-06-24
1129971199,食品,巧克力,6,318,福州,支付宝,2025-06-09
1400466946,家居用品,保温杯,3,105,福州,银行卡,2025-06-05
9875226114,电子产品,充电宝,4,61,北京,微信支付,2025-06-12
7530481157,食品,巧克力,6,381,昆明,支付宝,2025-06-03
7186480645,服装,T恤,9,202,昆明,微信支付,2025-06-22
3540932108,图书,小说,10,305,深圳,现金,2025-06-01
7070064140,家居用品,毯子,3,159,成都,支付宝,2025-06-20
5017038351,服装,帽子,1,187,重庆,现金,2025-06-03
4379565587,食品,饼干,6,157,上海,支付宝,2025-06-29
1812907540,服装,外套,2,222,深圳,微信支付,2025-06-21
9316382228,电子产品,智能音箱,2,36,昆明,支付宝,2025-06-01
6640598556,食品,坚果,2,57,青岛,微信支付,2025-06-30
1950015006,电子产品,智能音箱,10,365,青岛,支付宝,2025-06-17
9839058464,服装,外套,6,161,福州,支付宝,2025-06-03
3182509601,服装,外套,7,317,青岛,银行卡,2025-06-19
7979279905,家居用品,保温杯,10,71,广州,微信支付,2025-06-25
5253576227,图书,杂志,7,259,天津,现金,2025-06-16
3663509028,图书,教材,4,1,成都,现金,2025-06-21
8485805606,服装,运动鞋,4,398,昆明,微信支付,2025-06-23
3189831206,电子产品,鼠标,10,45,重庆,现金,2025-06-15
3129503272,食品,牛奶,3,129,合肥,现金,2025-06-27
4883486249,家居用品,台灯,1,291,武汉,微信支付,2025-06-05
2846998059,食品,牛奶,6,357,合肥,支付宝,2025-06-15
2388522541,家居用品,保温杯,8,398,天津,微信支付,2025-06-12
6038316590,家居用品,保温杯,5,47,北京,支付宝,2025-06-12
7244095024,服装,外套,9,146,北京,支付宝,2025-06-15
6172370481,电子产品,智能音箱,9,309,福州,现金,2025-06-22
4400072241,食品,牛奶,4,46,北京,银行卡,2025-06-18
6933077556,家居用品,收纳盒,6,120,重庆,现金,2025-06-29
7924067895,家居用品,收纳盒,1,209,重庆,微信支付,2025-06-07
2316127800,家居用品,收纳盒,6,2,深圳,支付宝,2025-06-17
6698530361,食品,海苔,8,360,青岛,微信支付,2025-06-18
7835655738,服装,牛仔裤,1,369,天津,现金,2025-06-01
8074206785,图书,小说,9,78,合肥,银行卡,2025-06-07
5514110530,食品,坚果,5,200,重庆,微信支付,2025-06-08
7410802243,服装,外套,8,137,天津,微信支付,2025-06-11
5292580422,图书,杂志,1,288,武汉,支付宝,2025-06-24
5957221961,服装,外套,2,11,重庆,现金,2025-06-03
7922808394,家居用品,毯子,6,98,上海,现金,2025-06-17
8494364237,服装,T恤,3,330,合肥,支付宝,2025-06-24
8182675028,服装,帽子,8,158,郑州,银行卡,2025-06-02
8003216982,家居用品,枕头,2,232,上海,银行卡,2025-06-27
5705895512,食品,牛奶,9,294,成都,微信支付,2025-06-24
5096330841,服装,帽子,5,307,成都,支付宝,2025-06-21
9235633754,家居用品,枕头,10,27,昆明,微信支付,2025-06-03
9070708318,图书,绘本,1,261,武汉,支付宝,2025-06-17
7939651169,服装,运动鞋,5,352,深圳,现金,2025-06-21
9412902498,电子产品,蓝牙耳机,2,319,上海,银行卡,2025-06-01
3678072775,家居用品,枕头,8,305,广州,银行卡,2025-06-16
5147641445,服装,外套,5,181,合肥,现金,2025-06-17
6440664678,服装,T恤,7,99,合肥,微信支付,2025-06-16
2347062886,家居用品,毯子,4,220,郑州,微信支付,2025-06-05
7196710510,家居用品,枕头,4,66,深圳,银行卡,2025-06-07
1792382575,服装,T恤,8,154,重庆,支付宝,2025-06-07
3124409972,电子产品,智能音箱,8,291,重庆,现金,2025-06-08
7486752376,食品,海苔,3,127,南京,现金,2025-06-23
6199815801,图书,小说,2,309,南京,现金,2025-06-04
6060455547,食品,巧克力,6,182,成都,微信支付,2025-06-02
7443830397,食品,饼干,6,66,重庆,银行卡,2025-06-16
2724236927,图书,教材,9,341,北京,微信支付,2025-06-20
1723131520,家居用品,收纳盒,8,220,上海,现金,2025-06-05
7308121728,图书,漫画,9,338,重庆,银行卡,2025-06-16
9912895109,服装,T恤,1,190,成都,现金,2025-06-02
3427120774,图书,漫画,10,317,郑州,现金,2025-06-01
8337233544,食品,巧克力,1,220,青岛,银行卡,2025-06-26
7306247819,电子产品,鼠标,10,343,合肥,银行卡,2025-06-22
7192798861,电子产品,充电宝,4,261,上海,银行卡,2025-06-16
3251369614,电子产品,电动牙刷,4,256,昆明,微信支付,2025-06-02
8965047951,服装,帽子,10,329,昆明,现金,2025-06-13
2382171792,食品,海苔,5,135,北京,支付宝,2025-06-09
9799736977,服装,帽子,6,254,成都,微信支付,2025-06-13
6710269585,服装,外套,7,339,成都,微信支付,2025-06-12
6590736021,服装,外套,9,25,北京,支付宝,2025-06-05
1997371029,电子产品,电动牙刷,1,98,深圳,微信支付,2025-06-30
6628359830,食品,饼干,3,283,武汉,微信支付,2025-06-25
2045691544,电子产品,鼠标,8,340,武汉,银行卡,2025-06-25
1529452186,电子产品,充电宝,10,42,郑州,支付宝,2025-06-10
7984565914,食品,牛奶,3,183,上海,现金,2025-06-23
5734747811,电子产品,蓝牙耳机,7,357,武汉,银行卡,2025-06-29
6173927078,家居用品,收纳盒,7,356,广州,支付宝,2025-06-28
8488578726,食品,牛奶,7,298,福州,微信支付,2025-06-19
5704709801,图书,杂志,4,185,福州,现金,2025-06-06
4726546090,家居用品,台灯,5,113,上海,现金,2025-06-20
3617083051,食品,坚果,10,175,武汉,现金,2025-06-12
8153683627,家居用品,台灯,8,221,重庆,现金,2025-06-27
1481295533,服装,外套,3,319,天津,微信支付,2025-06-09
3726638766,食品,牛奶,6,398,广州,银行卡,2025-06-22
1009911469,图书,小说,5,258,昆明,现金,2025-06-23
7364228779,食品,饼干,10,3,天津,银行卡,2025-06-06
6981752498,电子产品,蓝牙耳机,2,56,成都,现金,2025-06-02
4197127859,图书,绘本,5,272,青岛,微信支付,2025-06-29
5414735541,食品,海苔,1,40,合肥,支付宝,2025-06-09
4265588406,服装,T恤,10,195,深圳,支付宝,2025-06-28
3218433717,服装,T恤,10,291,广州,现金,2025-06-02
1933457083,电子产品,智能音箱,1,277,青岛,微信支付,2025-06-07
4492715707,服装,牛仔裤,4,399,郑州,微信支付,2025-06-25
2753144511,服装,T恤,1,175,昆明,现金,2025-06-10
3754952384,电子产品,蓝牙耳机,2,19,南京,银行卡,2025-06-23
6914924224,图书,教材,3,172,上海,支付宝,2025-06-14
9368600258,图书,杂志,10,155,天津,现金,2025-06-21
9082883781,图书,漫画,3,140,深圳,现金,2025-06-30
7124530886,电子产品,蓝牙耳机,9,395,天津,支付宝,2025-06-05
5273024205,图书,漫画,7,48,郑州,现金,2025-06-20
7975777998,服装,外套,10,159,成都,支付宝,2025-06-15
1783332562,食品,海苔,10,140,郑州,现金,2025-06-27
9747533522,服装,外套,5,250,天津,支付宝,2025-06-25
1322450643,服装,外套,4,33,杭州,微信支付,2025-06-04
5805711059,食品,巧克力,7,328,广州,现金,2025-06-05
4015644375,食品,海苔,3,372,上海,银行卡,2025-06-10
6649956059,家居用品,毯子,2,258,青岛,微信支付,2025-06-30
1267771101,图书,杂志,6,322,昆明,支付宝,2025-06-20
5382622942,食品,巧克力,4,12,天津,现金,2025-06-29
6608639715,图书,绘本,4,113,广州,支付宝,2025-06-04
2326456036,服装,运动鞋,2,379,青岛,微信支付,2025-06-30
5715054308,服装,帽子,3,212,北京,现金,2025-06-24
7879993064,服装,T恤,1,140,昆明,微信支付,2025-06-09
3872263913,服装,帽子,1,265,福州,支付宝,2025-06-01
2121762538,服装,外套,1,186,北京,微信支付,2025-06-17
9939728107,电子产品,蓝牙耳机,1,126,郑州,现金,2025-06-02
8093345516,家居用品,台灯,10,246,广州,支付宝,2025-06-09
7602476783,图书,教材,3,15,天津,银行卡,2025-06-22
3799809778,食品,坚果,5,51,郑州,银行卡,2025-06-19
1884901107,图书,小说,10,380,成都,微信支付,2025-06-30
9273609971,服装,T恤,8,182,合肥,支付宝,2025-06-20
1061443317,服装,运动鞋,6,293,福州,银行卡,2025-06-19
5713012472,电子产品,充电宝,1,251,青岛,现金,2025-06-21
8908613368,图书,教材,2,367,深圳,银行卡,2025-06-29
1722287868,家居用品,台灯,8,340,武汉,银行卡,2025-06-10
7264335613,服装,帽子,8,344,武汉,微信支付,2025-06-05
2694405885,服装,帽子,7,16,南京,银行卡,2025-06-11
7467611906,食品,牛奶,8,360,福州,现金,2025-06-21
2650775300,食品,牛奶,10,351,南京,银行卡,2025-06-29
5358608133,食品,饼干,2,220,昆明,微信支付,2025-06-12
6071973642,家居用品,枕头,10,150,重庆,支付宝,2025-06-08
8586854156,服装,运动鞋,8,230,福州,支付宝,2025-06-05
8392791822,家居用品,台灯,8,49,成都,现金,2025-06-23
7043583759,服装,帽子,9,270,深圳,支付宝,2025-06-30
6626971407,食品,海苔,4,146,天津,支付宝,2025-06-28
9405595408,图书,漫画,7,375,成都,支付宝,2025-06-01
5771624209,图书,杂志,5,16,武汉,支付宝,2025-06-07
5858608915,电子产品,蓝牙耳机,9,2,广州,支付宝,2025-06-17
7086116627,食品,牛奶,7,243,杭州,微信支付,2025-06-30
8359943954,电子产品,充电宝,5,332,南京,现金,2025-06-22
8916160278,图书,漫画,10,126,天津,支付宝,2025-06-30
8995483406,服装,T恤,8,264,天津,现金,2025-06-22
8905215768,图书,教材,7,187,福州,微信支付,2025-06-17
8228288280,家居用品,收纳盒,4,206,昆明,银行卡,2025-06-27
3182769946,家居用品,台灯,3,99,北京,现金,2025-06-07
4349669143,电子产品,智能音箱,3,331,广州,现金,2025-06-02
1094860572,电子产品,蓝牙耳机,9,162,成都,支付宝,2025-06-16
7836380957,图书,小说,3,258,广州,银行卡,2025-06-02
5551232797,食品,坚果,4,386,天津,现金,2025-06-14
3714129695,图书,教材,5,83,重庆,微信支付,2025-06-28
8894363423,图书,漫画,9,46,广州,支付宝,2025-06-16
8156534564,电子产品,鼠标,2,255,上海,微信支付,2025-06-25
2939383589,家居用品,保温杯,1,152,深圳,银行卡,2025-06-21
5825347365,食品,海苔,5,126,重庆,微信支付,2025-06-29
1297471271,服装,T恤,2,258,合肥,现金,2025-06-27
1527742245,电子产品,智能音箱,6,109,青岛,现金,2025-06-17
6613368617,食品,巧克力,5,314,北京,微信支付,2025-06-11
4479743783,家居用品,枕头,1,337,青岛,银行卡,2025-06-09
3019163436,电子产品,蓝牙耳机,5,47,天津,现金,2025-06-29
4007104307,图书,小说,3,134,南京,现金,2025-06-06
7198709557,服装,运动鞋,6,34,杭州,现金,2025-06-09
3766202167,图书,绘本,9,99,成都,现金,2025-06-06
9552164665,服装,帽子,8,367,郑州,银行卡,2025-06-19
8579206970,电子产品,充电宝,4,57,福州,支付宝,2025-06-12
4445800257,服装,T恤,1,316,重庆,现金,2025-06-16
1607253829,图书,绘本,4,90,天津,现金,2025-06-18
6888263496,家居用品,台灯,10,122,昆明,支付宝,2025-06-28
6584549196,家居用品,毯子,10,322,青岛,微信支付,2025-06-04
6689226573,服装,运动鞋,2,386,广州,现金,2025-06-25
4683095886,食品,坚果,6,347,南京,银行卡,2025-06-05
5646505805,服装,运动鞋,3,74,成都,银行卡,2025-06-22
2435352397,电子产品,鼠标,7,399,郑州,银行卡,2025-06-27
3539146576,食品,巧克力,1,296,南京,现金,2025-06-18
9997891412,电子产品,鼠标,7,156,上海,支付宝,2025-06-06
8576608084,图书,杂志,5,231,成都,现金,2025-06-30
7814186839,家居用品,收纳盒,5,251,杭州,银行卡,2025-06-13
5173466969,食品,饼干,7,104,合肥,支付宝,2025-06-09
5498732381,食品,海苔,9,295,重庆,银行卡,2025-06-13
3903158128,食品,巧克力,5,64,广州,现金,2025-06-22
1331351411,电子产品,电动牙刷,4,223,北京,现金,2025-06-21
4779599731,图书,漫画,6,119,昆明,现金,2025-06-22
6658279284,图书,杂志,4,71,郑州,支付宝,2025-06-02
9694521206,家居用品,保温杯,10,240,重庆,银行卡,2025-06-17
1571512188,服装,运动鞋,7,305,杭州,微信支付,2025-06-17
7907020671,图书,绘本,8,330,成都,现金,2025-06-26
4190840705,图书,杂志,2,398,合肥,现金,2025-06-17
8480597893,服装,牛仔裤,6,156,成都,支付宝,2025-06-26
6121678726,食品,牛奶,8,318,杭州,银行卡,2025-06-03
9178658697,食品,饼干,2,39,北京,微信支付,2025-06-28
8440311692,图书,小说,4,192,天津,微信支付,2025-06-27
6849607565,电子产品,电动牙刷,10,108,武汉,支付宝,2025-06-17
8293742478,食品,饼干,3,32,青岛,支付宝,2025-06-16
8885698447,电子产品,蓝牙耳机,10,78,合肥,银行卡,2025-06-30
4284411793,服装,运动鞋,3,175,青岛,现金,2025-06-21
1762078609,电子产品,充电宝,8,164,天津,微信支付,2025-06-01
2204821395,家居用品,保温杯,6,17,重庆,微信支付,2025-06-14
8601964436,家居用品,收纳盒,8,222,上海,现金,2025-06-19
8297392022,图书,绘本,3,82,郑州,支付宝,2025-06-10
4429303704,服装,T恤,3,332,重庆,微信支付,2025-06-28
8541417369,家居用品,保温杯,8,1,深圳,现金,2025-06-17
8848476060,家居用品,保温杯,1,274,深圳,支付宝,2025-06-26
7623659424,食品,海苔,1,107,郑州,支付宝,2025-06-14
6887368610,家居用品,收纳盒,4,132,成都,支付宝,2025-06-13
9268066210,家居用品,保温杯,7,219,青岛,支付宝,2025-06-07
1203107746,电子产品,电动牙刷,8,367,武汉,支付宝,2025-06-25
4378959778,图书,教材,8,225,深圳,现金,2025-06-15
3707211687,食品,海苔,5,322,杭州,支付宝,2025-06-24
6787706796,食品,巧克力,9,246,郑州,微信支付,2025-06-02
4233160621,电子产品,鼠标,5,274,南京,银行卡,2025-06-03
4369956784,电子产品,蓝牙耳机,10,77,青岛,微信支付,2025-06-17
9576150960,食品,坚果,4,145,福州,现金,2025-06-07
9282295729,图书,教材,7,339,天津,现金,2025-06-07
4467154866,服装,外套,4,349,郑州,微信支付,2025-06-08
9208125366,家居用品,保温杯,10,85,昆明,微信支付,2025-06-26
9958938557,服装,帽子,9,81,广州,微信支付,2025-06-07
2516746173,图书,教材,4,181,广州,微信支付,2025-06-22
2467567551,食品,饼干,7,4,青岛,支付宝,2025-06-09
2045190080,图书,绘本,6,267,南京,现金,2025-06-10
8453558208,家居用品,毯子,9,167,武汉,银行卡,2025-06-09
8741533633,食品,巧克力,5,248,武汉,支付宝,2025-06-26
6712160195,家居用品,毯子,9,355,南京,微信支付,2025-06-17
8175910852,家居用品,台灯,6,72,郑州,银行卡,2025-06-02
5161056198,家居用品,台灯,6,213,成都,支付宝,2025-06-17
3118321607,家居用品,收纳盒,3,54,郑州,现金,2025-06-23
6044956616,电子产品,电动牙刷,1,343,合肥,现金,2025-06-21
8861165511,食品,坚果,4,170,武汉,微信支付,2025-06-16
6514104266,电子产品,蓝牙耳机,8,385,北京,支付宝,2025-06-03
5953951689,电子产品,鼠标,1,285,上海,微信支付,2025-06-18
3051638732,家居用品,保温杯,10,375,福州,现金,2025-06-22
6432202701,图书,教材,3,223,武汉,支付宝,2025-06-27
7736852429,食品,牛奶,2,351,上海,银行卡,2025-06-03
3881076687,电子产品,电动牙刷,4,41,福州,微信支付,2025-06-09
7771078608,食品,坚果,2,251,深圳,现金,2025-06-20
8624422867,服装,牛仔裤,7,120,南京,现金,2025-06-30
6629027801,图书,漫画,10,361,昆明,支付宝,2025-06-08
8980426713,电子产品,充电宝,5,315,郑州,支付宝,2025-06-03
4005480409,食品,巧克力,2,342,北京,微信支付,2025-06-15
3897026524,家居用品,保温杯,4,310,武汉,微信支付,2025-06-13
5672595423,食品,巧克力,2,271,天津,微信支付,2025-06-16
1136355295,家居用品,毯子,2,130,重庆,支付宝,2025-06-07
8775649251,服装,T恤,3,61,合肥,银行卡,2025-06-17
8151637988,家居用品,台灯,4,152,武汉,支付宝,2025-06-01
2654400483,家居用品,台灯,8,310,深圳,银行卡,2025-06-28
7561426920,图书,杂志,7,201,广州,银行卡,2025-06-09
2000381929,服装,帽子,6,186,天津,现金,2025-06-15
5400756202,图书,绘本,6,333,郑州,银行卡,2025-06-04
4421685228,电子产品,智能音箱,7,395,杭州,支付宝,2025-06-26
5112770542,电子产品,充电宝,10,110,昆明,现金,2025-06-04
9807677424,服装,T恤,2,357,天津,微信支付,2025-06-18
1383827443,家居用品,收纳盒,3,264,重庆,现金,2025-06-15
1475477497,食品,牛奶,3,390,南京,银行卡,2025-06-23
3479681020,图书,小说,1,385,南京,微信支付,2025-06-01
