订单号,产品类别,产品名称,销售数量,单价,销售金额
2782973956,家居用品,枕头,3,118,354
3862337541,图书,漫画,2,290,580
9826076680,食品,牛奶,5,-78,-390
5949577226,电子产品,蓝牙耳机,9,297,2673
9708761103,图书,小说,9,153,1377
3577253908,服装,T恤,8,290,2320
9826076680,电子产品,蓝牙耳机,1,82,82
3971653655,家居用品,枕头,10,319,3190
2331463704,食品,牛奶,1,376,376
5027895059,电子产品,蓝牙耳机,5,151,755
1113729050,家居用品,台灯,1,243,243
8252921620,食品,牛奶,3,131,393
1658050590,食品,巧克力,3,345,1035
6993352739,食品,牛奶,6,171,1026
1232889892,食品,海苔,6,278,1668
5158180901,家居用品,枕头,10,221,2210
9594499109,图书,绘本,4,70,280
1728290855,服装,T恤,9,219,1971
1680832549,家居用品,枕头,3,273,819
3361533993,图书,小说,2,190,380
6494494762,食品,巧克力,9,297,2673
5622757418,食品,巧克力,5,29,145
8610674732,服装,牛仔裤,4,198,792
4562470957,电子产品,智能音箱,9,196,1764
1073727529,食品,牛奶,4,336,1344
1459904559,食品,海苔,6,4,24
3089692719,食品,海苔,10,78,780
9753901098,图书,杂志,6,261,1566
2316533803,食品,巧克力,7,33,231
2923659315,家居用品,保温杯,4,353,1412
2822744120,电子产品,蓝牙耳机,7,278,1946
2531889210,食品,饼干,8,261,2088
1150619707,电子产品,蓝牙耳机,9,294,2646
3630006330,电子产品,智能音箱,6,82,492
5358247998,家居用品,枕头,7,261,1827
7987142724,服装,T恤,7,275,1925
4634366020,食品,海苔,3,120,360
7061682246,图书,绘本,2,195,390
1923207240,服装,T恤,8,68,544
9334861902,食品,牛奶,7,304,2128
7028361297,电子产品,电动牙刷,9,89,801
6173368401,食品,饼干,6,168,1008
8514777169,服装,牛仔裤,5,141,705
5913954389,食品,牛奶,8,123,984
3839058007,食品,牛奶,6,187,1122
3895210075,服装,外套,1,222,222
2345793627,电子产品,蓝牙耳机,7,4,28
8648472679,图书,杂志,3,234,702
1747509352,图书,绘本,5,151,755
6290999402,家居用品,保温杯,3,41,123
3768100970,食品,坚果,3,53,159
4625031278,食品,牛奶,5,304,1520
1507651696,食品,坚果,4,387,1548
4479750257,图书,教材,5,361,1805
7273709680,服装,帽子,7,213,1491
6122555505,食品,牛奶,8,79,632
9231065205,食品,海苔,4,314,1256
3338082421,家居用品,台灯,4,250,1000
2318577784,图书,杂志,7,328,2296
5477453946,食品,海苔,1,324,324
4406685819,食品,饼干,1,200,200
3953002634,电子产品,鼠标,9,66,594
8529000587,服装,帽子,6,125,750
4976679050,食品,牛奶,5,64,320
9908224144,食品,巧克力,10,49,490
5373317269,家居用品,枕头,10,288,2880
1879535766,电子产品,鼠标,3,21,63
6895640727,家居用品,毯子,3,11,33
7217279127,服装,外套,6,384,2304
5670062230,图书,小说,6,256,1536
3411177629,服装,T恤,7,355,2485
4982698142,食品,牛奶,7,104,728
6322735268,食品,坚果,4,293,1172
8082340012,电子产品,鼠标,3,253,759
6143516848,电子产品,蓝牙耳机,2,166,332
9750237361,食品,饼干,4,230,920
2945734839,电子产品,蓝牙耳机,8,194,1552
6589677752,图书,绘本,2,300,600
3925450939,图书,小说,9,187,1683
7258153150,食品,饼干,7,386,2702
3988758718,家居用品,台灯,3,178,534
4297263298,电子产品,蓝牙耳机,1,126,126
7089336523,电子产品,智能音箱,8,378,3024
3409479888,食品,牛奶,9,377,3393
8833812689,食品,巧克力,1,135,135
3662262484,服装,T恤,3,352,1056
6427009236,家居用品,台灯,1,290,290
1032741079,家居用品,保温杯,10,337,3370
3382294744,食品,海苔,2,128,256
9225478363,食品,巧克力,5,304,1520
7174377693,食品,海苔,7,154,1078
6684270818,食品,饼干,3,248,744
9080479971,食品,坚果,5,24,120
2357029095,家居用品,收纳盒,9,18,162
4363659497,服装,运动鞋,2,1,2
9761698026,食品,牛奶,1,328,328
9521193195,食品,坚果,2,303,606
8833560815,图书,杂志,7,307,2149
7584588016,家居用品,保温杯,10,277,2770
1292505331,食品,巧克力,6,258,1548
2444351735,服装,帽子,10,110,1100
4292870392,电子产品,电动牙刷,8,179,1432
5283293433,电子产品,蓝牙耳机,10,125,1250
7320387833,图书,小说,3,34,102
1419536632,电子产品,充电宝,6,175,1050
9195426044,食品,饼干,6,198,1188
1807726850,图书,杂志,7,380,2660
6636685573,家居用品,枕头,7,189,1323
7562703111,食品,坚果,4,282,1128
9582975246,图书,教材,3,294,882
1780379919,食品,牛奶,6,47,282
1181354256,服装,牛仔裤,2,146,292
3027714320,图书,漫画,1,347,347
6043814170,图书,小说,10,22,220
9667053853,服装,运动鞋,1,386,386
6549365024,家居用品,枕头,6,286,1716
7178580257,食品,饼干,3,179,537
3204561187,食品,牛奶,9,357,3213
7464126755,图书,绘本,1,130,130
1664340261,电子产品,充电宝,5,250,1250
5745328422,家居用品,枕头,2,353,706
5838477610,电子产品,电动牙刷,8,75,600
3678994733,电子产品,电动牙刷,10,133,1330
1335224623,图书,漫画,1,260,260
9126461747,电子产品,智能音箱,1,95,95
5297066296,食品,巧克力,5,222,1110
2045849913,图书,小说,3,347,1041
4028164410,图书,绘本,9,55,495
8138352955,家居用品,毯子,9,381,3429
7101364539,图书,绘本,5,42,210
9852905785,家居用品,枕头,1,172,172
3005792574,食品,海苔,8,255,2040
2027637055,图书,小说,10,366,3660
1875556664,电子产品,蓝牙耳机,8,122,976
5135221057,服装,外套,3,330,990
1363372354,食品,巧克力,9,34,306
4895295810,家居用品,毯子,4,34,136
8044038466,服装,帽子,8,10,80
7176040773,服装,牛仔裤,8,170,1360
2505902405,图书,教材,7,386,2702
3102505278,服装,帽子,4,67,268
1178534215,图书,小说,6,250,1500
9255717193,图书,杂志,10,397,3970
9335980365,服装,牛仔裤,8,195,1560
1298473294,服装,T恤,6,227,1362
1827580238,家居用品,保温杯,10,111,1110
7437732174,服装,运动鞋,3,204,612
9154984274,家居用品,枕头,6,221,1326
2203937109,图书,小说,5,290,1450
1055420760,家居用品,收纳盒,1,229,229
9476665698,电子产品,电动牙刷,8,267,2136
4601188710,服装,T恤,3,69,207
1884840294,食品,海苔,2,86,172
6580549990,电子产品,电动牙刷,10,9,90
2244997481,家居用品,保温杯,6,293,1758
9507111273,家居用品,毯子,5,84,420
8225206635,家居用品,台灯,7,163,1141
4314050920,电子产品,蓝牙耳机,5,296,1480
1931233649,家居用品,收纳盒,6,255,1530
3238148468,家居用品,毯子,3,216,648
1790691701,图书,杂志,8,152,1216
8811192696,电子产品,充电宝,7,143,1001
1446027640,食品,海苔,9,182,1638
9261261178,家居用品,毯子,7,24,168
5859297660,图书,教材,7,353,2471
2828159360,图书,绘本,1,264,264
5787632001,图书,绘本,6,86,516
4916935045,食品,巧克力,9,249,2241
2306550149,家居用品,毯子,7,125,875
9979799941,图书,杂志,3,173,519
7004998024,图书,杂志,6,58,348
6445691274,食品,饼干,10,312,3120
8734591372,食品,饼干,6,399,2394
5642404239,食品,巧克力,5,83,415
6579855762,图书,小说,10,342,3420
8985690518,电子产品,蓝牙耳机,10,380,3800
7781996951,食品,饼干,6,136,816
1510392216,服装,运动鞋,1,37,37
7742773654,家居用品,枕头,3,156,468
7068287386,家居用品,枕头,4,31,124
6656270747,家居用品,收纳盒,10,165,1650
9045907870,家居用品,台灯,4,356,1424
1208662433,服装,运动鞋,1,89,89
2578237858,服装,T恤,9,124,1116
1898899879,食品,牛奶,10,295,2950
6085966250,食品,坚果,6,67,402
9581347243,电子产品,充电宝,3,194,582
7741335986,家居用品,毯子,3,358,1074
2980137394,食品,饼干,9,95,855
9094390205,服装,帽子,1,208,208
1371908542,服装,帽子,6,251,1506
7564734910,电子产品,智能音箱,7,125,875
6483243456,电子产品,电动牙刷,2,350,700
9610324414,食品,坚果,1,175,175
3589988804,图书,小说,8,254,2032
5054251461,服装,外套,7,295,2065
9946612166,电子产品,智能音箱,10,226,2260
7639142855,电子产品,智能音箱,6,160,960
7320265157,家居用品,台灯,10,20,200
6656326092,家居用品,台灯,10,80,800
2767456717,图书,漫画,5,144,720
1489174990,电子产品,蓝牙耳机,10,152,1520
6902544847,食品,坚果,7,74,518
2147510736,食品,海苔,4,365,1460
5315199439,家居用品,台灯,8,264,2112
1874018772,电子产品,充电宝,6,45,270
4077803989,家居用品,毯子,3,376,1128
8398416340,服装,牛仔裤,5,226,1130
5802594774,图书,漫画,6,268,1608
7248237014,食品,海苔,9,7,63
7611965910,电子产品,蓝牙耳机,9,251,2259
5887404506,食品,巧克力,5,134,670
9375973846,服装,帽子,9,5,45
5001615836,服装,T恤,1,207,207
8752880084,图书,杂志,2,314,628
2464872928,服装,帽子,6,5,30
5404707302,食品,饼干,8,25,200
9996016102,家居用品,枕头,2,102,204
3706403304,服装,帽子,4,96,384
5647067624,电子产品,电动牙刷,7,49,343
1350515178,电子产品,充电宝,2,142,284
6052819448,家居用品,台灯,6,221,1326
4472562170,图书,绘本,1,303,303
1565458939,家居用品,收纳盒,10,119,1190
5901052412,电子产品,充电宝,6,8,48
3095941629,家居用品,毯子,10,379,3790
2878908926,电子产品,蓝牙耳机,2,114,228
1634388479,电子产品,蓝牙耳机,6,283,1698
6166178306,电子产品,电动牙刷,2,92,184
5379119619,食品,海苔,3,356,1068
4358199815,服装,T恤,1,5,5
1344236042,食品,巧克力,2,13,26
4285049355,图书,漫画,10,103,1030
3610886667,食品,牛奶,5,110,550
5080218127,电子产品,充电宝,7,12,84
8135354896,服装,帽子,7,396,2772
3615855121,食品,巧克力,8,277,2216
9163229712,电子产品,充电宝,6,35,210
9033714193,家居用品,枕头,10,161,1610
6281974293,电子产品,充电宝,7,90,630
7652610592,食品,坚果,8,117,936
5064901154,食品,海苔,6,36,216
4572617251,食品,巧克力,10,60,600
1647297060,食品,牛奶,9,98,882
3844074020,家居用品,收纳盒,10,379,3790
6083850790,电子产品,电动牙刷,9,71,639
8302492199,图书,杂志,10,110,1100
8988045860,食品,坚果,1,190,190
2947879468,服装,T恤,8,120,960
6924425773,服装,外套,10,37,370
6144160301,电子产品,鼠标,4,348,1392
4944108079,服装,帽子,9,296,2664
3750400560,服装,牛仔裤,4,331,1324
7242975794,图书,小说,9,57,513
5681195573,图书,绘本,6,186,1116
9647438390,家居用品,台灯,7,81,567
8100065845,服装,运动鞋,10,346,3460
3838831162,家居用品,收纳盒,4,60,240
2573908543,家居用品,台灯,2,79,158
9706588737,图书,漫画,5,291,1455
8734206530,图书,小说,8,169,1352
1630124611,食品,牛奶,3,181,543
4667832902,家居用品,保温杯,6,103,618
6619869768,图书,杂志,7,363,2541
1743956554,服装,T恤,1,390,390
5094724172,电子产品,蓝牙耳机,1,31,31
4126554701,服装,T恤,4,342,1368
8348777037,家居用品,台灯,2,138,276
9202676303,服装,T恤,8,167,1336
4084695631,服装,运动鞋,9,167,1503
6697400912,服装,运动鞋,6,334,2004
4994718286,食品,坚果,6,122,732
7156945492,图书,绘本,5,46,230
7293403733,图书,教材,9,315,2835
2303883863,电子产品,充电宝,8,249,1992
5402341975,电子产品,充电宝,1,170,170
1227575895,服装,运动鞋,4,209,836
9891662423,图书,绘本,4,89,356
2809627227,食品,坚果,10,181,1810
1829210716,图书,漫画,9,380,3420
9460752987,服装,运动鞋,10,71,710
1725409885,图书,小说,2,192,384
7002933856,服装,牛仔裤,6,7,42
1899481699,家居用品,台灯,2,190,380
2425010788,电子产品,智能音箱,7,6,42
4946098791,食品,牛奶,2,384,768
8843883111,服装,运动鞋,8,373,2984
9766142571,家居用品,枕头,2,247,494
3370986091,服装,外套,4,348,1392
2367967857,图书,漫画,3,378,1134
2936560241,电子产品,电动牙刷,7,284,1988
9325351543,服装,牛仔裤,3,335,1005
2246312568,电子产品,智能音箱,4,153,612
2572014202,电子产品,鼠标,4,330,1320
6884571774,服装,T恤,1,249,249
1598972544,家居用品,台灯,1,231,231
8358464129,家居用品,枕头,8,283,2264
5459438210,图书,小说,3,167,501
6649533058,家居用品,毯子,3,337,1011
7849480836,服装,牛仔裤,4,57,228
4003099268,食品,巧克力,4,271,1084
1063062152,家居用品,保温杯,2,196,392
3655697033,食品,巧克力,2,343,686
9667715720,电子产品,智能音箱,1,241,241
2374185616,家居用品,保温杯,6,98,588
8032600720,食品,巧克力,10,272,2720
5898535569,食品,海苔,2,244,488
5247720085,服装,运动鞋,8,129,1032
5397699228,食品,牛奶,2,128,256
9226977951,图书,教材,1,149,149
1414951585,服装,运动鞋,3,237,711
1833360037,图书,小说,10,10,100
2157929128,食品,巧克力,3,195,585
6310607529,家居用品,毯子,7,53,371
2379106987,食品,海苔,10,375,3750
2476382892,图书,教材,1,100,100
2196128427,图书,小说,6,142,852
9250529964,电子产品,电动牙刷,3,71,213
2979484336,电子产品,充电宝,5,52,260
1584573105,服装,帽子,5,73,365
4810689201,电子产品,智能音箱,10,257,2570
8050711219,图书,小说,6,317,1902
3624690354,电子产品,蓝牙耳机,8,195,1560
6478998197,家居用品,保温杯,4,310,1240
5536160440,家居用品,收纳盒,5,174,870
5487872697,家居用品,收纳盒,6,194,1164
3943187133,服装,运动鞋,7,85,595
3896179390,电子产品,电动牙刷,10,138,1380
9749105344,服装,外套,8,148,1184
4891146947,电子产品,充电宝,5,269,1345
7154545350,电子产品,电动牙刷,1,24,24
4633219783,食品,牛奶,4,204,816
8106556105,家居用品,台灯,7,240,1680
3742675660,食品,牛奶,8,394,3152
7460797137,家居用品,枕头,5,274,1370
8182360788,家居用品,保温杯,1,80,80
5925980885,电子产品,蓝牙耳机,7,44,308
9912369876,图书,漫画,6,68,408
9366637271,服装,牛仔裤,4,250,1000
6248981208,家居用品,保温杯,6,153,918
1293662946,图书,漫画,4,74,296
1750110946,家居用品,台灯,5,53,265
1301920484,电子产品,鼠标,6,89,534
7490417378,电子产品,充电宝,10,348,3480
3055147746,食品,牛奶,5,215,1075
7481361129,家居用品,台灯,5,73,365
1435114218,图书,漫画,5,26,130
7071996655,电子产品,充电宝,7,118,826
1650307824,电子产品,充电宝,8,230,1840
7879328497,家居用品,保温杯,2,119,238
1178297073,电子产品,鼠标,10,269,2690
1983552243,食品,海苔,6,280,1680
5128483575,家居用品,枕头,2,306,612
4622498553,食品,坚果,5,179,895
4604408570,图书,漫画,7,381,2667
5730499323,服装,运动鞋,1,301,301
8773475068,食品,牛奶,7,299,2093
2311451389,家居用品,收纳盒,9,145,1305
8512645884,电子产品,鼠标,7,314,2198
2739176191,服装,牛仔裤,2,173,346
3262790399,电子产品,蓝牙耳机,3,12,36
9715888889,电子产品,充电宝,8,377,3016
4255271682,电子产品,充电宝,7,6,42
9903624963,家居用品,台灯,9,308,2772
2915511038,食品,坚果,1,97,97
1523022597,服装,运动鞋,5,5,25
2088764166,食品,坚果,6,128,768
1118200583,图书,小说,7,33,231
2970168070,服装,帽子,8,21,168
4050711306,电子产品,鼠标,6,215,1290
7721542413,服装,牛仔裤,10,241,2410
9799234317,电子产品,充电宝,8,360,2880
5582230287,家居用品,保温杯,10,284,2840
2533925647,图书,杂志,10,268,2680
6320261905,服装,T恤,10,208,2080
5158046481,图书,绘本,2,228,456
8298203923,图书,漫画,7,189,1323
1056598802,电子产品,鼠标,9,355,3195
1310434069,服装,帽子,2,396,792
7506502421,服装,牛仔裤,2,234,468
3908633366,图书,小说,2,280,560
6662271764,食品,坚果,5,86,430
3146031890,电子产品,电动牙刷,9,56,504
6506242842,服装,外套,4,349,1396
3843773208,电子产品,智能音箱,2,191,382
9880548119,图书,杂志,6,145,870
1773507353,家居用品,枕头,2,5,10
5035256607,电子产品,鼠标,2,19,38
8505529122,家居用品,台灯,7,70,490
8136334117,服装,运动鞋,10,44,440
2100388648,电子产品,蓝牙耳机,1,323,323
7450741545,服装,牛仔裤,8,197,1576
3577436970,图书,小说,1,301,301
8221860650,图书,绘本,1,56,56
4842027819,图书,教材,5,342,1710
7527203629,食品,饼干,8,248,1984
7613588272,服装,牛仔裤,6,160,960
5965888305,家居用品,台灯,10,185,1850
1872274226,食品,巧克力,7,297,2079
6092442420,电子产品,蓝牙耳机,8,264,2112
9178456889,图书,绘本,6,310,1860
2404162364,电子产品,蓝牙耳机,4,52,208
4637995838,电子产品,智能音箱,3,211,633
4231740225,家居用品,毯子,1,353,353
2711061314,电子产品,蓝牙耳机,6,238,1428
3321373507,家居用品,保温杯,7,17,119
4552311623,家居用品,保温杯,4,126,504
3004836683,服装,牛仔裤,10,151,1510
3391007564,图书,漫画,2,153,306
6336176971,图书,漫画,6,100,600
7893048149,图书,小说,9,122,1098
7531389781,图书,小说,4,143,572
1404187484,电子产品,鼠标,5,53,265
4237794143,电子产品,充电宝,3,200,600
7556510559,家居用品,毯子,4,113,452
1394226024,电子产品,智能音箱,8,248,1984
5664211817,食品,海苔,6,118,708
9257313130,图书,漫画,6,377,2262
7532448618,图书,小说,9,39,351
7590433643,食品,牛奶,4,136,544
1496310637,电子产品,电动牙刷,2,9,18
4402475887,电子产品,电动牙刷,5,218,1090
2041912181,食品,巧克力,10,398,3980
1031883640,家居用品,毯子,9,280,2520
9068178296,家居用品,台灯,7,286,2002
1337504633,图书,教材,5,146,730
3549471611,食品,饼干,9,344,3096
1120023421,食品,海苔,5,97,485
5273416575,服装,运动鞋,7,161,1127
1383830400,服装,牛仔裤,7,238,1666
5533152127,食品,饼干,5,357,1785
8718248833,家居用品,台灯,6,309,1854
7689317251,食品,饼干,1,140,140
7987592068,电子产品,充电宝,7,279,1953
4321047429,家居用品,收纳盒,4,321,1284
5383144328,服装,T恤,10,348,3480
3680285578,电子产品,蓝牙耳机,10,265,2650
4503448461,电子产品,电动牙刷,1,285,285
5366377358,服装,T恤,8,248,1984
7211064208,服装,牛仔裤,9,41,369
4920642449,家居用品,保温杯,3,17,51
6007841682,服装,T恤,3,295,885
6250386320,图书,绘本,5,360,1800
9169374096,食品,巧克力,1,199,199
7551169429,食品,巧克力,10,339,3390
3334296464,服装,T恤,5,159,795
1161292691,电子产品,鼠标,8,167,1336
1191717785,家居用品,毯子,3,140,420
3105387418,电子产品,充电宝,8,241,1928
1744229273,图书,小说,2,280,560
5799314329,图书,教材,6,192,1152
7527392156,食品,饼干,4,259,1036
2169582493,图书,小说,5,93,465
3194608545,家居用品,枕头,4,52,208
3709404066,食品,牛奶,4,12,48
5514601378,家居用品,保温杯,7,213,1491
3620711333,食品,牛奶,4,24,96
8694412200,服装,牛仔裤,3,264,792
2398358441,食品,饼干,8,376,3008
4435545009,食品,饼干,2,237,474
6554440625,食品,巧克力,9,259,2331
9174879154,服装,外套,1,223,223
9181289397,服装,外套,7,251,1757
9541950397,图书,漫画,7,211,1477
3878917054,电子产品,智能音箱,9,345,3105
1103422399,电子产品,鼠标,8,299,2392
2501508032,服装,牛仔裤,7,367,2569
6194398144,食品,牛奶,10,11,110
4663837631,电子产品,智能音箱,1,8,8
3533671359,图书,绘本,3,214,642
4046175168,家居用品,收纳盒,6,265,1590
4401626049,电子产品,充电宝,4,352,1408
1226464203,电子产品,充电宝,9,63,567
1436140491,家居用品,收纳盒,8,303,2424
1290470349,图书,绘本,9,134,1206
1206457296,电子产品,蓝牙耳机,1,310,310
7667231697,电子产品,智能音箱,10,312,3120
8034831314,食品,海苔,2,239,478
2055578580,服装,牛仔裤,3,151,453
8285633493,服装,运动鞋,4,155,620
5737065430,家居用品,台灯,7,211,1477
9910666201,食品,牛奶,10,323,3230
6603054044,电子产品,充电宝,2,200,400
7554524125,电子产品,充电宝,4,160,640
2321081308,电子产品,充电宝,5,194,970
6117999584,家居用品,台灯,9,255,2295
4146998246,服装,外套,7,373,2611
6164323305,图书,绘本,9,64,576
6282392554,食品,饼干,6,352,2112
2033304555,家居用品,枕头,6,131,786
2255588329,电子产品,鼠标,4,104,416
7323167726,食品,巧克力,5,31,155
1800649711,服装,T恤,7,229,1603
8318544883,食品,巧克力,3,258,774
7452285940,食品,牛奶,7,91,637
7293938676,家居用品,毯子,7,143,1001
2800554998,图书,教材,7,125,875
6288374774,电子产品,鼠标,9,122,1098
9500468216,电子产品,智能音箱,1,76,76
3444022262,家居用品,毯子,9,16,144
3946951678,图书,漫画,7,160,1120
6084197375,图书,教材,3,60,180
4268547071,电子产品,电动牙刷,9,299,2691
8575960064,食品,牛奶,10,14,140
8137800706,服装,T恤,6,305,1830
5912359940,食品,坚果,5,167,835
9453755398,电子产品,充电宝,9,329,2961
6613767176,家居用品,台灯,8,145,1160
5460870159,家居用品,台灯,7,256,1792
4009612306,家居用品,保温杯,8,236,1888
2436828179,电子产品,电动牙刷,4,107,428
3252790293,食品,海苔,3,230,690
9543484438,电子产品,智能音箱,9,135,1215
2089954328,服装,帽子,8,226,1808
1618877465,图书,绘本,1,17,17
1197263899,食品,坚果,1,267,267
8209206302,服装,外套,8,12,96
1668359204,图书,教材,5,7,35
5236519973,家居用品,收纳盒,2,271,542
4696792102,家居用品,台灯,9,189,1701
1739191336,电子产品,电动牙刷,5,213,1065
1262298154,家居用品,台灯,3,317,951
2905551915,电子产品,电动牙刷,3,91,273
1736088620,图书,漫画,10,181,1810
4918912043,图书,漫画,1,8,8
5034218542,图书,漫画,10,377,3770
6802543664,食品,巧克力,8,337,2696
5307751473,服装,帽子,5,202,1010
5151751225,图书,绘本,1,187,187
6651546686,家居用品,保温杯,10,244,2440
2549951554,电子产品,蓝牙耳机,7,141,987
5685996612,服装,帽子,3,314,942
1690514503,家居用品,保温杯,5,232,1160
4403369032,电子产品,充电宝,9,385,3465
4617024584,家居用品,台灯,5,70,350
5998867530,家居用品,收纳盒,5,229,1145
9011713100,食品,坚果,6,29,174
2563972176,图书,漫画,3,101,303
9590248531,电子产品,蓝牙耳机,4,327,1308
8313541715,电子产品,鼠标,6,229,1374
2627841111,食品,饼干,9,160,1440
6229371992,家居用品,收纳盒,3,366,1098
4846988379,食品,坚果,10,65,650
6105951324,食品,饼干,7,298,2086
3996898398,图书,漫画,6,175,1050
9459919968,服装,帽子,9,155,1395
4135298145,食品,巧克力,10,3,30
2513421410,服装,外套,9,292,2628
1346339938,图书,杂志,4,5,20
4105903204,图书,教材,9,338,3042
8437697637,家居用品,毯子,8,387,3096
2419852390,家居用品,台灯,7,36,252
1772022882,服装,T恤,10,191,1910
7911724138,家居用品,台灯,5,32,160
8788933741,电子产品,智能音箱,4,296,1184
6291700847,服装,T恤,4,347,1388
7921810545,服装,外套,3,185,555
1014342770,家居用品,台灯,3,49,147
9018377335,服装,牛仔裤,3,30,90
2655624315,图书,杂志,3,63,189
1766734972,食品,巧克力,4,377,1508
5981895804,电子产品,充电宝,5,356,1780
5734800508,服装,运动鞋,6,358,2148
1549241473,服装,运动鞋,1,17,17
9211628673,电子产品,蓝牙耳机,3,305,915
7425315971,家居用品,毯子,10,350,3500
5707838597,食品,巧克力,2,392,784
5667042438,家居用品,台灯,5,190,950
1981731974,图书,漫画,8,128,1024
1086854277,家居用品,毯子,7,11,77
9633985673,图书,教材,1,333,333
1210350726,服装,牛仔裤,7,227,1589
7747746955,食品,巧克力,8,301,2408
7333110924,服装,运动鞋,6,394,2364
2396615821,服装,运动鞋,5,254,1270
7826353294,食品,饼干,8,194,1552
7563871366,电子产品,电动牙刷,6,107,642
9316715670,图书,绘本,2,347,694
6341940375,食品,牛奶,4,107,428
3463974044,电子产品,鼠标,3,122,366
7081061534,电子产品,鼠标,10,152,1520
4298273951,图书,漫画,6,174,1044
6680722593,家居用品,枕头,8,61,488
1480432805,食品,海苔,1,372,372
7470843046,家居用品,枕头,10,127,1270
8956970150,家居用品,枕头,7,214,1498
5958620333,服装,T恤,5,111,555
4780186800,食品,巧克力,6,343,2058
6424837300,图书,小说,7,152,1064
2718033082,食品,巧克力,2,346,692
7124880573,电子产品,蓝牙耳机,4,334,1336
4583062717,家居用品,毯子,10,157,1570
9158077630,图书,教材,8,11,88
3509726400,食品,饼干,7,139,973
9381795006,家居用品,收纳盒,10,199,1990
6376981696,电子产品,充电宝,1,144,144
8523916482,食品,饼干,7,342,2394
9798937800,电子产品,智能音箱,4,160,640
8372427977,食品,饼干,7,359,2513
8315628745,服装,帽子,1,392,392
7066672334,电子产品,电动牙刷,7,325,2275
5059808463,电子产品,电动牙刷,7,353,2471
8478098640,电子产品,蓝牙耳机,10,224,2240
7655079122,食品,巧克力,3,151,453
7652601044,食品,坚果,3,164,492
5927423191,电子产品,充电宝,4,217,868
9855202521,服装,T恤,6,356,2136
3007732955,食品,牛奶,5,259,1295
2691499237,家居用品,台灯,6,245,1470
1145584869,食品,牛奶,2,208,416
1245091046,食品,饼干,9,260,2340
1123073257,家居用品,收纳盒,7,49,343
2955238634,电子产品,电动牙刷,5,249,1245
8186488044,食品,饼干,6,160,960
6027867377,服装,T恤,5,227,1135
1173263604,食品,坚果,2,103,206
1788794101,电子产品,电动牙刷,9,369,3321
7294260470,食品,坚果,10,28,280
7129486584,电子产品,智能音箱,3,244,732
7964505337,服装,运动鞋,4,294,1176
2246233336,家居用品,收纳盒,5,255,1275
7826253051,电子产品,鼠标,2,114,228
3716125946,家居用品,枕头,7,137,959
4493929722,服装,外套,2,238,476
5206332674,图书,小说,6,19,114
7389097221,电子产品,电动牙刷,3,248,744
8698373381,服装,运动鞋,9,117,1053
5207129351,图书,杂志,2,8,16
5953645829,服装,T恤,1,85,85
3546008837,图书,教材,6,394,2364
6995991818,电子产品,充电宝,6,215,1290
4282533130,服装,帽子,2,110,220
2967870730,家居用品,枕头,2,172,344
6832979208,服装,帽子,5,292,1460
9759141136,食品,饼干,3,172,516
7191883026,食品,牛奶,2,338,676
8448050451,食品,巧克力,8,197,1576
4700456211,服装,牛仔裤,6,58,348
2676073749,食品,坚果,9,187,1683
5831867667,服装,T恤,2,147,294
4999505176,图书,漫画,4,96,384
8386850075,食品,饼干,1,78,78
3742885148,电子产品,蓝牙耳机,4,307,1228
2109607196,电子产品,充电宝,9,156,1404
4812387617,服装,牛仔裤,10,240,2400
9369085218,图书,漫画,5,203,1015
8261283107,家居用品,保温杯,5,65,325
5969288488,服装,T恤,7,362,2534
6645792043,服装,运动鞋,3,123,369
6393509168,图书,教材,9,100,900
5124820273,家居用品,保温杯,10,211,2110
1985080626,家居用品,收纳盒,2,11,22
5483296049,食品,牛奶,5,114,570
5187052854,家居用品,台灯,8,93,744
5400438071,家居用品,台灯,3,181,543
5471532342,服装,帽子,8,85,680
3118482746,电子产品,充电宝,9,177,1593
2406446402,家居用品,保温杯,6,269,1614
7965719880,服装,外套,3,117,351
8253687116,图书,教材,6,47,282
6103567692,家居用品,枕头,7,107,749
3466700109,电子产品,电动牙刷,5,301,1505
1235666255,食品,饼干,4,16,64
3278472530,家居用品,毯子,8,98,784
3826201940,图书,绘本,2,359,718
4448664920,服装,运动鞋,9,262,2358
2406171997,食品,坚果,2,9,18
4057396573,服装,外套,5,393,1965
9625042271,食品,海苔,8,289,2312
2902560096,食品,海苔,8,361,2888
8040217953,家居用品,毯子,4,125,500
5424825693,家居用品,台灯,8,207,1656
6482099558,电子产品,充电宝,6,57,342
1043705192,家居用品,毯子,4,304,1216
5798055272,图书,漫画,4,112,448
3648619890,服装,帽子,7,289,2023
2369860979,电子产品,电动牙刷,9,235,2115
9008407922,图书,教材,10,291,2910
5730282870,服装,帽子,4,347,1388
4742499703,食品,饼干,6,41,246
9720989048,食品,巧克力,4,240,960
5788562809,电子产品,鼠标,2,193,386
5977609596,电子产品,智能音箱,10,51,510
7152207228,图书,漫画,9,334,3006
8413257089,服装,帽子,10,371,3710
5406039426,服装,牛仔裤,7,270,1890
4103910791,家居用品,台灯,3,8,24
2117055880,服装,运动鞋,7,264,1848
5575818632,图书,教材,4,271,1084
3001937294,图书,漫画,1,294,294
2223775119,家居用品,毯子,1,40,40
4988999056,电子产品,鼠标,10,354,3540
6801096083,家居用品,毯子,1,262,262
4869762451,电子产品,鼠标,2,197,394
3408258453,家居用品,保温杯,3,13,39
9182186904,电子产品,充电宝,1,315,315
3540321690,图书,杂志,7,340,2380
5502553501,图书,教材,9,221,1989
1457489309,图书,绘本,9,178,1602
2508010912,电子产品,电动牙刷,5,158,790
4775538090,家居用品,毯子,8,294,2352
4460881325,图书,小说,5,144,720
7223895474,电子产品,充电宝,3,31,93
5090530738,家居用品,保温杯,4,83,332
3700655540,食品,海苔,3,381,1143
1543738806,电子产品,智能音箱,10,243,2430
6903436729,电子产品,鼠标,3,42,126
9065700795,食品,坚果,5,388,1940
7986863547,食品,饼干,5,341,1705
4473597373,家居用品,保温杯,7,174,1218
7342458305,食品,饼干,3,146,438
9705196996,电子产品,鼠标,8,177,1416
3562489285,服装,帽子,6,133,798
5205966281,食品,牛奶,2,81,162
9439083978,图书,教材,6,14,84
3133750731,食品,海苔,7,377,2639
2943165902,服装,运动鞋,5,106,530
8324369871,电子产品,鼠标,5,164,820
2848478672,电子产品,鼠标,4,192,768
7277977041,电子产品,智能音箱,4,2,8
7307996625,家居用品,台灯,7,45,315
2896014804,图书,绘本,9,331,2979
8330823127,家居用品,保温杯,5,227,1135
2407169496,电子产品,智能音箱,5,17,85
9902405080,电子产品,电动牙刷,4,221,884
4723484120,图书,小说,5,120,600
4542715362,电子产品,蓝牙耳机,2,219,438
1385350626,电子产品,鼠标,4,343,1372
1753378279,食品,饼干,8,83,664
2391219691,电子产品,蓝牙耳机,10,78,780
6133978604,服装,运动鞋,10,202,2020
7090970094,服装,外套,7,137,959
8318225903,图书,绘本,5,191,955
6386820592,图书,小说,1,269,269
2239329774,食品,海苔,5,165,825
1705305586,图书,杂志,4,296,1184
8133895663,图书,杂志,9,243,2187
2101439988,服装,外套,10,189,1890
9969483253,食品,海苔,4,154,616
1776905712,电子产品,智能音箱,7,20,140
6994339313,电子产品,蓝牙耳机,7,361,2527
6117088762,图书,杂志,9,130,1170
7484511740,服装,外套,9,216,1944
7131231741,服装,帽子,6,4,24
1581884927,食品,坚果,7,369,2583
1129971199,食品,巧克力,6,318,1908
1400466946,家居用品,保温杯,3,105,315
9875226114,电子产品,充电宝,4,61,244
7530481157,食品,巧克力,6,381,2286
7186480645,服装,T恤,9,202,1818
3540932108,图书,小说,10,305,3050
7070064140,家居用品,毯子,3,159,477
5017038351,服装,帽子,1,187,187
4379565587,食品,饼干,6,157,942
1812907540,服装,外套,2,222,444
9316382228,电子产品,智能音箱,2,36,72
6640598556,食品,坚果,2,57,114
1950015006,电子产品,智能音箱,10,365,3650
9839058464,服装,外套,6,161,966
3182509601,服装,外套,7,317,2219
7979279905,家居用品,保温杯,10,71,710
5253576227,图书,杂志,7,259,1813
3663509028,图书,教材,4,1,4
8485805606,服装,运动鞋,4,398,1592
3189831206,电子产品,鼠标,10,45,450
3129503272,食品,牛奶,3,129,387
4883486249,家居用品,台灯,1,291,291
2846998059,食品,牛奶,6,357,2142
2388522541,家居用品,保温杯,8,398,3184
6038316590,家居用品,保温杯,5,47,235
7244095024,服装,外套,9,146,1314
6172370481,电子产品,智能音箱,9,309,2781
4400072241,食品,牛奶,4,46,184
6933077556,家居用品,收纳盒,6,120,720
7924067895,家居用品,收纳盒,1,209,209
2316127800,家居用品,收纳盒,6,2,12
6698530361,食品,海苔,8,360,2880
7835655738,服装,牛仔裤,1,369,369
8074206785,图书,小说,9,78,702
5514110530,食品,坚果,5,200,1000
7410802243,服装,外套,8,137,1096
5292580422,图书,杂志,1,288,288
5957221961,服装,外套,2,11,22
7922808394,家居用品,毯子,6,98,588
8494364237,服装,T恤,3,330,990
8182675028,服装,帽子,8,158,1264
8003216982,家居用品,枕头,2,232,464
5705895512,食品,牛奶,9,294,2646
5096330841,服装,帽子,5,307,1535
9235633754,家居用品,枕头,10,27,270
9070708318,图书,绘本,1,261,261
7939651169,服装,运动鞋,5,352,1760
9412902498,电子产品,蓝牙耳机,2,319,638
3678072775,家居用品,枕头,8,305,2440
5147641445,服装,外套,5,181,905
6440664678,服装,T恤,7,99,693
2347062886,家居用品,毯子,4,220,880
7196710510,家居用品,枕头,4,66,264
1792382575,服装,T恤,8,154,1232
3124409972,电子产品,智能音箱,8,291,2328
7486752376,食品,海苔,3,127,381
6199815801,图书,小说,2,309,618
6060455547,食品,巧克力,6,182,1092
7443830397,食品,饼干,6,66,396
2724236927,图书,教材,9,341,3069
1723131520,家居用品,收纳盒,8,220,1760
7308121728,图书,漫画,9,338,3042
9912895109,服装,T恤,1,190,190
3427120774,图书,漫画,10,317,3170
8337233544,食品,巧克力,1,220,220
7306247819,电子产品,鼠标,10,343,3430
7192798861,电子产品,充电宝,4,261,1044
3251369614,电子产品,电动牙刷,4,256,1024
8965047951,服装,帽子,10,329,3290
2382171792,食品,海苔,5,135,675
9799736977,服装,帽子,6,254,1524
6710269585,服装,外套,7,339,2373
6590736021,服装,外套,9,25,225
1997371029,电子产品,电动牙刷,1,98,98
6628359830,食品,饼干,3,283,849
2045691544,电子产品,鼠标,8,340,2720
1529452186,电子产品,充电宝,10,42,420
7984565914,食品,牛奶,3,183,549
5734747811,电子产品,蓝牙耳机,7,357,2499
6173927078,家居用品,收纳盒,7,356,2492
8488578726,食品,牛奶,7,298,2086
5704709801,图书,杂志,4,185,740
4726546090,家居用品,台灯,5,113,565
3617083051,食品,坚果,10,175,1750
8153683627,家居用品,台灯,8,221,1768
1481295533,服装,外套,3,319,957
3726638766,食品,牛奶,6,398,2388
1009911469,图书,小说,5,258,1290
7364228779,食品,饼干,10,3,30
6981752498,电子产品,蓝牙耳机,2,56,112
4197127859,图书,绘本,5,272,1360
5414735541,食品,海苔,1,40,40
4265588406,服装,T恤,10,195,1950
3218433717,服装,T恤,10,291,2910
1933457083,电子产品,智能音箱,1,277,277
4492715707,服装,牛仔裤,4,399,1596
2753144511,服装,T恤,1,175,175
3754952384,电子产品,蓝牙耳机,2,19,38
6914924224,图书,教材,3,172,516
9368600258,图书,杂志,10,155,1550
9082883781,图书,漫画,3,140,420
7124530886,电子产品,蓝牙耳机,9,395,3555
5273024205,图书,漫画,7,48,336
7975777998,服装,外套,10,159,1590
1783332562,食品,海苔,10,140,1400
9747533522,服装,外套,5,250,1250
1322450643,服装,外套,4,33,132
5805711059,食品,巧克力,7,328,2296
4015644375,食品,海苔,3,372,1116
6649956059,家居用品,毯子,2,258,516
1267771101,图书,杂志,6,322,1932
5382622942,食品,巧克力,4,12,48
6608639715,图书,绘本,4,113,452
2326456036,服装,运动鞋,2,379,758
5715054308,服装,帽子,3,212,636
7879993064,服装,T恤,1,140,140
3872263913,服装,帽子,1,265,265
2121762538,服装,外套,1,186,186
9939728107,电子产品,蓝牙耳机,1,126,126
8093345516,家居用品,台灯,10,246,2460
7602476783,图书,教材,3,15,45
3799809778,食品,坚果,5,51,255
1884901107,图书,小说,10,380,3800
9273609971,服装,T恤,8,182,1456
1061443317,服装,运动鞋,6,293,1758
5713012472,电子产品,充电宝,1,251,251
8908613368,图书,教材,2,367,734
1722287868,家居用品,台灯,8,340,2720
7264335613,服装,帽子,8,344,2752
2694405885,服装,帽子,7,16,112
7467611906,食品,牛奶,8,360,2880
2650775300,食品,牛奶,10,351,3510
5358608133,食品,饼干,2,220,440
6071973642,家居用品,枕头,10,150,1500
8586854156,服装,运动鞋,8,230,1840
8392791822,家居用品,台灯,8,49,392
7043583759,服装,帽子,9,270,2430
6626971407,食品,海苔,4,146,584
9405595408,图书,漫画,7,375,2625
5771624209,图书,杂志,5,16,80
5858608915,电子产品,蓝牙耳机,9,2,18
7086116627,食品,牛奶,7,243,1701
8359943954,电子产品,充电宝,5,332,1660
8916160278,图书,漫画,10,126,1260
8995483406,服装,T恤,8,264,2112
8905215768,图书,教材,7,187,1309
8228288280,家居用品,收纳盒,4,206,824
3182769946,家居用品,台灯,3,99,297
4349669143,电子产品,智能音箱,3,331,993
1094860572,电子产品,蓝牙耳机,9,162,1458
7836380957,图书,小说,3,258,774
5551232797,食品,坚果,4,386,1544
3714129695,图书,教材,5,83,415
8894363423,图书,漫画,9,46,414
8156534564,电子产品,鼠标,2,255,510
2939383589,家居用品,保温杯,1,152,152
5825347365,食品,海苔,5,126,630
1297471271,服装,T恤,2,258,516
1527742245,电子产品,智能音箱,6,109,654
6613368617,食品,巧克力,5,314,1570
4479743783,家居用品,枕头,1,337,337
3019163436,电子产品,蓝牙耳机,5,47,235
4007104307,图书,小说,3,134,402
7198709557,服装,运动鞋,6,34,204
3766202167,图书,绘本,9,99,891
9552164665,服装,帽子,8,367,2936
8579206970,电子产品,充电宝,4,57,228
4445800257,服装,T恤,1,316,316
1607253829,图书,绘本,4,90,360
6888263496,家居用品,台灯,10,122,1220
6584549196,家居用品,毯子,10,322,3220
6689226573,服装,运动鞋,2,386,772
4683095886,食品,坚果,6,347,2082
5646505805,服装,运动鞋,3,74,222
2435352397,电子产品,鼠标,7,399,2793
3539146576,食品,巧克力,1,296,296
9997891412,电子产品,鼠标,7,156,1092
8576608084,图书,杂志,5,231,1155
7814186839,家居用品,收纳盒,5,251,1255
5173466969,食品,饼干,7,104,728
5498732381,食品,海苔,9,295,2655
3903158128,食品,巧克力,5,64,320
1331351411,电子产品,电动牙刷,4,223,892
4779599731,图书,漫画,6,119,714
6658279284,图书,杂志,4,71,284
9694521206,家居用品,保温杯,10,240,2400
1571512188,服装,运动鞋,7,305,2135
7907020671,图书,绘本,8,330,2640
4190840705,图书,杂志,2,398,796
8480597893,服装,牛仔裤,6,156,936
6121678726,食品,牛奶,8,318,2544
9178658697,食品,饼干,2,39,78
8440311692,图书,小说,4,192,768
6849607565,电子产品,电动牙刷,10,108,1080
8293742478,食品,饼干,3,32,96
8885698447,电子产品,蓝牙耳机,10,78,780
4284411793,服装,运动鞋,3,175,525
1762078609,电子产品,充电宝,8,164,1312
2204821395,家居用品,保温杯,6,17,102
8601964436,家居用品,收纳盒,8,222,1776
8297392022,图书,绘本,3,82,246
4429303704,服装,T恤,3,332,996
8541417369,家居用品,保温杯,8,1,8
8848476060,家居用品,保温杯,1,274,274
7623659424,食品,海苔,1,107,107
6887368610,家居用品,收纳盒,4,132,528
9268066210,家居用品,保温杯,7,219,1533
1203107746,电子产品,电动牙刷,8,367,2936
4378959778,图书,教材,8,225,1800
3707211687,食品,海苔,5,322,1610
6787706796,食品,巧克力,9,246,2214
4233160621,电子产品,鼠标,5,274,1370
4369956784,电子产品,蓝牙耳机,10,77,770
9576150960,食品,坚果,4,145,580
9282295729,图书,教材,7,339,2373
4467154866,服装,外套,4,349,1396
9208125366,家居用品,保温杯,10,85,850
9958938557,服装,帽子,9,81,729
2516746173,图书,教材,4,181,724
2467567551,食品,饼干,7,4,28
2045190080,图书,绘本,6,267,1602
8453558208,家居用品,毯子,9,167,1503
8741533633,食品,巧克力,5,248,1240
6712160195,家居用品,毯子,9,355,3195
8175910852,家居用品,台灯,6,72,432
5161056198,家居用品,台灯,6,213,1278
3118321607,家居用品,收纳盒,3,54,162
6044956616,电子产品,电动牙刷,1,343,343
8861165511,食品,坚果,4,170,680
6514104266,电子产品,蓝牙耳机,8,385,3080
5953951689,电子产品,鼠标,1,285,285
3051638732,家居用品,保温杯,10,375,3750
6432202701,图书,教材,3,223,669
7736852429,食品,牛奶,2,351,702
3881076687,电子产品,电动牙刷,4,41,164
7771078608,食品,坚果,2,251,502
8624422867,服装,牛仔裤,7,120,840
6629027801,图书,漫画,10,361,3610
8980426713,电子产品,充电宝,5,315,1575
4005480409,食品,巧克力,2,342,684
3897026524,家居用品,保温杯,4,310,1240
5672595423,食品,巧克力,2,271,542
1136355295,家居用品,毯子,2,130,260
8775649251,服装,T恤,3,61,183
8151637988,家居用品,台灯,4,152,608
2654400483,家居用品,台灯,8,310,2480
7561426920,图书,杂志,7,201,1407
2000381929,服装,帽子,6,186,1116
5400756202,图书,绘本,6,333,1998
4421685228,电子产品,智能音箱,7,395,2765
5112770542,电子产品,充电宝,10,110,1100
9807677424,服装,T恤,2,357,714
1383827443,家居用品,收纳盒,3,264,792
1475477497,食品,牛奶,3,390,1170
3479681020,图书,小说,1,385,385
